GLU,,,,
6.06,,,,
5.39,,,,
5.59,,,,
4.3,,,,
5.42,,,,
5.97,,,,
5.11,,,,
5.94,,,,
5.66,,,,
5.48,,,,
4.44,,,,
5.48,,,,
5.32,,,,
5.08,,,,
4.63,,,,
4.92,,,,
7.08,,,,
4.66,,,,
6.58,,,,
4.29,,,,
4.55,,,,
5.16,,,,
5.13,,,,
4.37,,,,
5.17,,,,
4.64,,,,
5.82,,,,
6.29,,,,
5.1,,,,
5.41,,,,
5.48,,,,
6.44,,,,
5.53,,,,
5.31,,,,
5.52,,,,
4.7,,,,
5.13,,,,
6.06,,,,
5.41,,,,
5.82,,,,
4.98,,,,
5.1,,,,
5.36,,,,
5.34,,,,
5.05,,,,
4.85,,,,
5.23,,,,
5.59,,,,
6.75,,,,
5.91,,,,
4.81,,,,
5.48,,,,
5.39,,,,
5.47,,,,
5.03,,,,
5.11,,,,
4.7,,,,
5.46,,,,
5.32,,,,
4.88,,,,
4.87,,,,
4.99,,,,
5.74,,,,
5.16,,,,
5.6,,,,
4.73,,,,
5.56,,,,
4.95,,,,
6.48,,,,
5.34,,,,
5.94,,,,
5.72,,,,
5.9,,,,
4.72,,,,
5.4,,,,
4.81,,,,
5.29,,,,
5.47,,,,
6.07,,,,
4.78,,,,
4.4,,,,
5.6,,,,
4.72,,,,
6.07,,,,
5.72,,,,
4.83,,,,
5.13,,,,
4.56,,,,
4.76,,,,
6.24,,,,
5.16,,,,
4.71,,,,
6.63,,,,
5.38,,,,
5.94,,,,
5.16,,,,
5.38,,,,
5.7,,,,
5.85,,,,
4.42,,,,
6.52,,,,
5.33,,,,
5.11,,,,
5.07,,,,
5.07,,,,
5.48,,,,
4.66,,,,
5,,,,
4.8,,,,
5.43,,,,
5.04,,,,
5.88,,,,
4.74,,,,
4.83,,,,
5.24,,,,
5.11,,,,
4.55,,,,
4.68,,,,
4.64,,,,
5.14,,,,
11.71,,,,
5.39,,,,
5.52,,,,
5.03,,,,
6.65,,,,
5.15,,,,
5.19,,,,
16.3,,,,
4.67,,,,
7.09,,,,
9.6,,,,
5.65,,,,
5.69,,,,
4.77,,,,
5.24,,,,
6.87,,,,
4.84,,,,
5.32,,,,
8.72,,,,
11.65,,,,
5.58,,,,
7.1,,,,
8.09,,,,
5.39,,,,
5.05,,,,
7.22,,,,
4.83,,,,
7.7,,,,
5.86,,,,
4.69,,,,
5.15,,,,
5.17,,,,
5.13,,,,
5.77,,,,
4.7,,,,
5.1,,,,
5.04,,,,
5.59,,,,
11.32,,,,
7.67,,,,
5.08,,,,
4.82,,,,
4.95,,,,
6.99,,,,
4.67,,,,
5,,,,
5.48,,,,
5.72,,,,
4.99,,,,
5.44,,,,
4.82,,,,
4.94,,,,
4.5,,,,
5.33,,,,
5.16,,,,
5.94,,,,
5.36,,,,
4.58,,,,
4.72,,,,
6.16,,,,
4.77,,,,
4.36,,,,
5.08,,,,
6.41,,,,
4.45,,,,
5.86,,,,
5.24,,,,
5.25,,,,
4.19,,,,
6.69,,,,
5.2,,,,
5.5,,,,
5.4,,,,
4.53,,,,
4.8,,,,
5.32,,,,
7.33,,,,
5.47,,,,
4.8,,,,
5.49,,,,
5.31,,,,
5.32,,,,
5.41,,,,
5.69,,,,
7.22,,,,
4.89,,,,
6.25,,,,
4.91,,,,
5.14,,,,
6.64,,,,
5.66,,,,
4.99,,,,
5.38,,,,
5.65,,,,
5.69,,,,
4.3,,,,
5.31,,,,
5.01,,,,
7.88,,,,
5.13,,,,
5.61,,,,
4.94,,,,
5.18,,,,
5.99,,,,
5.38,,,,
4.75,,,,
5.64,,,,
4.72,,,,
6.6,,,,
5.8,,,,
5.74,,,,
5.64,,,,
5.75,,,,
5.01,,,,
5.38,,,,
4.36,,,,
8.8,,,,
5.87,,,,
5.33,,,,
5.41,,,,
7.19,,,,
5.21,,,,
5.65,,,,
7.12,,,,
5.57,,,,
5.59,,,,
5.82,,,,
7,,,,
10.79,,,,
13.51,,,,
11.8,,,,
4.5,,,,
10.52,,,,
5.19,,,,
5.31,,,,
7.14,,,,
5.58,,,,
5.22,,,,
5,,,,
5.5,,,,
4.66,,,,
5.02,,,,
5.32,,,,
4.7,,,,
5.6,,,,
4.78,,,,
6.53,,,,
4.59,,,,
6.39,,,,
5.16,,,,
5.37,,,,
4.69,,,,
4.58,,,,
5.74,,,,
9.46,,,,
5.1,,,,
6.13,,,,
5.1,,,,
4.8,,,,
4.79,,,,
4.9,,,,
5.76,,,,
13.19,,,,
4.57,,,,
5.41,,,,
5.04,,,,
5.65,,,,
5.02,,,,
5.43,,,,
5.02,,,,
6.04,,,,
5.06,,,,
4.55,,,,
5.2,,,,
4.61,,,,
5.23,,,,
5.64,,,,
9.07,,,,
5.09,,,,
5.22,,,,
5.11,,,,
6.06,,,,
6.05,,,,
4.65,,,,
4.77,,,,
4.79,,,,
5.61,,,,
5.18,,,,
5.25,,,,
4.85,,,,
5.28,,,,
4.6,,,,
5.69,,,,
4.87,,,,
6.4,,,,
5.09,,,,
4.69,,,,
4.92,,,,
5.09,,,,
6.87,,,,
5.12,,,,
4.82,,,,
5.75,,,,
5.4,,,,
5.5,,,,
5.65,,,,
6.19,,,,
5.13,,,,
5.92,,,,
5.93,,,,
4.6,,,,
5.76,,,,
14.13,,,,
4.94,,,,
9.41,,,,
5.56,,,,
5.32,,,,
5.15,,,,
5.29,,,,
4.87,,,,
4.99,,,,
4.9,,,,
5.84,,,,
5.22,,,,
4.73,,,,
5.24,,,,
5.35,,,,
5.21,,,,
5.83,,,,
5.39,,,,
4.88,,,,
5.41,,,,
4.5,,,,
4.94,,,,
4.9,,,,
4.89,,,,
6.86,,,,
5.7,,,,
4.37,,,,
4.81,,,,
5.24,,,,
5.94,,,,
5.29,,,,
4.91,,,,
5.09,,,,
5.33,,,,
6.56,,,,
5.4,,,,
5.56,,,,
5.03,,,,
4.74,,,,
6.28,,,,
5.35,,,,
8.31,,,,
5.08,,,,
5.07,,,,
9.37,,,,
6.45,,,,
5.16,,,,
7.76,,,,
5.76,,,,
5.6,,,,
4.83,,,,
4.39,,,,
6.07,,,,
5.26,,,,
4.87,,,,
5.36,,,,
8.67,,,,
4.54,,,,
5.15,,,,
4.77,,,,
13.11,,,,
5.69,,,,
4.72,,,,
5.26,,,,
5.2,,,,
5.67,,,,
5.75,,,,
5.23,,,,
7.66,,,,
5.4,,,,
5.72,,,,
5.3,,,,
4.92,,,,
5.17,,,,
5.25,,,,
4.76,,,,
5.01,,,,
5.87,,,,
4.95,,,,
5.09,,,,
5.23,,,,
5.11,,,,
5.14,,,,
4.93,,,,
10.21,,,,
4.3,,,,
4.74,,,,
5.27,,,,
5.1,,,,
4.57,,,,
4.85,,,,
4.55,,,,
4.31,,,,
5.05,,,,
4.28,,,,
5,,,,
5.89,,,,
6.84,,,,
4.99,,,,
4.96,,,,
5.01,,,,
5.55,,,,
5.07,,,,
6.1,,,,
6.05,,,,
5.3,,,,
5.11,,,,
5.02,,,,
5.51,,,,
5.18,,,,
4.9,,,,
13.98,,,,
5.73,,,,
4.89,,,,
4.57,,,,
4.93,,,,
11.41,,,,
4.5,,,,
4.58,,,,
5.46,,,,
5.91,,,,
6.46,,,,
4.87,,,,
5.47,,,,
5.58,,,,
4.95,,,,
4.88,,,,
5.98,,,,
5.14,,,,
5.18,,,,
5.49,,,,
4.94,,,,
5.55,,,,
5.87,,,,
5.73,,,,
5.55,,,,
5.93,,,,
4.97,,,,
6.62,,,,
6.53,,,,
4.93,,,,
4.58,,,,
5.33,,,,
7.44,,,,
5.44,,,,
5.14,,,,
5.31,,,,
5.03,,,,
4.99,,,,
5.11,,,,
5.08,,,,
5.61,,,,
4.54,,,,
4.5,,,,
5.86,,,,
5.26,,,,
6,,,,
5.34,,,,
5.04,,,,
4.58,,,,
5.71,,,,
6.34,,,,
4.93,,,,
4.49,,,,
4.98,,,,
5.31,,,,
5.03,,,,
5.8,,,,
4.94,,,,
5.38,,,,
5.18,,,,
4.59,,,,
5.27,,,,
4.75,,,,
4.88,,,,
5.95,,,,
4.46,,,,
5.33,,,,
5.85,,,,
11.92,,,,
5.43,,,,
4.88,,,,
5.08,,,,
5.41,,,,
4.6,,,,
4.68,,,,
4.86,,,,
5.84,,,,
6.22,,,,
8.74,,,,
5.73,,,,
5.68,,,,
5.28,,,,
5.91,,,,
9.38,,,,
5.35,,,,
5.6,,,,
4.99,,,,
5.34,,,,
5.57,,,,
5.68,,,,
7.69,,,,
9.74,,,,
5.25,,,,
6.7,,,,
6.68,,,,
4.97,,,,
5.26,,,,
6.37,,,,
4.84,,,,
4.27,,,,
4.48,,,,
5.54,,,,
4.45,,,,
6.85,,,,
7.43,,,,
6.29,,,,
5.56,,,,
5.27,,,,
4.65,,,,
4.81,,,,
4.81,,,,
5.22,,,,
5.17,,,,
5.06,,,,
4.87,,,,
5.04,,,,
5.14,,,,
5.15,,,,
4.61,,,,
4.66,,,,
4.86,,,,
7.11,,,,
6.31,,,,
5.79,,,,
4.91,,,,
4.8,,,,
4.59,,,,
5.06,,,,
5.53,,,,
5.03,,,,
5.01,,,,
5.31,,,,
5.22,,,,
4.83,,,,
5.2,,,,
4.78,,,,
4.89,,,,
4.99,,,,
5.37,,,,
5.2,,,,
6.3,,,,
5.08,,,,
5.36,,,,
5.29,,,,
4.8,,,,
4.36,,,,
4.52,,,,
5.45,,,,
6.36,,,,
5.83,,,,
5.14,,,,
4.95,,,,
5.1,,,,
4.7,,,,
4.98,,,,
4.84,,,,
4.84,,,,
4.97,,,,
4.38,,,,
5.25,,,,
4.5,,,,
5.09,,,,
7.2,,,,
5.83,,,,
5.14,,,,
4.54,,,,
5.32,,,,
5.12,,,,
11.46,,,,
5.64,,,,
5.38,,,,
5.76,,,,
5.47,,,,
5.69,,,,
6.49,,,,
5.15,,,,
5.83,,,,
5.22,,,,
5.49,,,,
8.49,,,,
5.03,,,,
5.36,,,,
4.92,,,,
5.02,,,,
4.49,,,,
5.95,,,,
4.78,,,,
5.62,,,,
6.49,,,,
5.01,,,,
5.4,,,,
5.16,,,,
4.84,,,,
5.2,,,,
5.43,,,,
5.93,,,,
5.81,,,,
5.23,,,,
6.38,,,,
4.96,,,,
6.2,,,,
5.7,,,,
5.18,,,,
4.42,,,,
5.26,,,,
5.59,,,,
5.18,,,,
4.81,,,,
4.79,,,,
5.59,,,,
6.49,,,,
5.07,,,,
5.95,,,,
5,,,,
5.18,,,,
4.37,,,,
4.93,,,,
5.38,,,,
4.48,,,,
5.08,,,,
5.11,,,,
5.36,,,,
5.58,,,,
5.11,,,,
5.3,,,,
4.94,,,,
5.2,,,,
5.08,,,,
4.49,,,,
5.49,,,,
5.29,,,,
5.44,,,,
5.08,,,,
6.47,,,,
5.58,,,,
5.39,,,,
5.52,,,,
5.8,,,,
4.84,,,,
5.43,,,,
5.47,,,,
5.04,,,,
5.29,,,,
5.65,,,,
5.9,,,,
5.7,,,,
5.02,,,,
5.63,,,,
5.73,,,,
5.43,,,,
5.91,,,,
5.26,,,,
5.28,,,,
5.03,,,,
5.01,,,,
4.82,,,,
5.28,,,,
4.77,,,,
5.44,,,,
4.84,,,,
4.8,,,,
5.71,,,,
6.14,,,,
5.04,,,,
5.17,,,,
5.59,,,,
5.19,,,,
4.8,,,,
5.3,,,,
5.68,,,,
5.56,,,,
5.95,,,,
9.54,,,,
5.56,,,,
5.26,,,,
9.3,,,,
6.27,,,,
4.85,,,,
5.94,,,,
4.67,,,,
4.77,,,,
5.09,,,,
5.15,,,,
4.88,,,,
5.28,,,,
5.46,,,,
5.09,,,,
5.17,,,,
4.62,,,,
4.94,,,,
4.55,,,,
4.9,,,,
5.35,,,,
11.81,,,,
8.09,,,,
4.97,,,,
5.29,,,,
5.31,,,,
6.01,,,,
5.64,,,,
5.2,,,,
4.99,,,,
4.97,,,,
5.08,,,,
5.29,,,,
5.35,,,,
5.71,,,,
4.92,,,,
5.24,,,,
4.67,,,,
7.68,,,,
4.78,,,,
5.21,,,,
4.66,,,,
8.25,,,,
4.74,,,,
4.89,,,,
5.1,,,,
4.95,,,,
5.62,,,,
5.62,,,,
5.6,,,,
4.86,,,,
4.74,,,,
5.39,,,,
5.37,,,,
5.5,,,,
4.86,,,,
5.41,,,,
6.47,,,,
4.84,,,,
5.05,,,,
5.19,,,,
5.03,,,,
5.19,,,,
5.29,,,,
4.9,,,,
4.82,,,,
5.06,,,,
4.37,,,,
4.19,,,,
4.86,,,,
5.46,,,,
4.83,,,,
5.03,,,,
5.37,,,,
4.53,,,,
5.15,,,,
5.32,,,,
5.03,,,,
5.87,,,,
4.63,,,,
4.52,,,,
4.65,,,,
4.65,,,,
4.63,,,,
6.52,,,,
4.68,,,,
5.28,,,,
4.81,,,,
4.97,,,,
5.78,,,,
4.47,,,,
4.34,,,,
4.67,,,,
5.27,,,,
5.1,,,,
4.76,,,,
5.1,,,,
5.17,,,,
5.37,,,,
4.59,,,,
4.67,,,,
5.05,,,,
5.17,,,,
16.12,,,,
4.68,,,,
4.67,,,,
4.53,,,,
4.5,,,,
4.49,,,,
5.25,,,,
4.59,,,,
4.99,,,,
5.73,,,,
4.9,,,,
5.11,,,,
5.75,,,,
5.35,,,,
4.78,,,,
4.58,,,,
5.51,,,,
5.25,,,,
5.29,,,,
4.88,,,,
4.62,,,,
5.4,,,,
5.11,,,,
5.29,,,,
5.09,,,,
5.31,,,,
4.48,,,,
4.41,,,,
4.77,,,,
4.49,,,,
5.4,,,,
4.37,,,,
5,,,,
4.94,,,,
5.08,,,,
5.31,,,,
5.56,,,,
4.72,,,,
4.85,,,,
5.33,,,,
4.62,,,,
5.35,,,,
4.77,,,,
5.69,,,,
4.75,,,,
4.67,,,,
5.07,,,,
5.01,,,,
5.45,,,,
4.63,,,,
4.91,,,,
4.26,,,,
4.96,,,,
4.89,,,,
5.12,,,,
5.41,,,,
5.21,,,,
4.82,,,,
4.64,,,,
4.41,,,,
4.93,,,,
5.36,,,,
5.28,,,,
4.58,,,,
5.25,,,,
5.7,,,,
6.01,,,,
4.31,,,,
5.37,,,,
4.59,,,,
4.8,,,,
5.42,,,,
5.84,,,,
5.43,,,,
4.73,,,,
4.91,,,,
5,,,,
4.27,,,,
4.98,,,,
5.56,,,,
6.07,,,,
5.38,,,,
5.2,,,,
8,,,,
5.13,,,,
5.51,,,,
4.69,,,,
5.07,,,,
4.99,,,,
5.47,,,,
5.82,,,,
5.63,,,,
6.04,,,,
7.92,,,,
5.38,,,,
5.06,,,,
5.13,,,,
4.96,,,,
5.07,,,,
7.88,,,,
6.79,,,,
5.27,,,,
5.34,,,,
5.07,,,,
6.94,,,,
6.1,,,,
5.92,,,,
5.75,,,,
5.47,,,,
5.62,,,,
4.8,,,,
5.85,,,,
5.53,,,,
4.46,,,,
4.93,,,,
5.71,,,,
5.46,,,,
5.64,,,,
4.51,,,,
5.13,,,,
5.7,,,,
5.53,,,,
5.63,,,,
14.87,,,,
5.44,,,,
4.83,,,,
5.58,,,,
5.15,,,,
5.07,,,,
4.83,,,,
5.84,,,,
5.25,,,,
5.73,,,,
6.44,,,,
5.26,,,,
5.21,,,,
5.1,,,,
6.37,,,,
5.35,,,,
5.3,,,,
5.08,,,,
5.7,,,,
4.72,,,,
5.38,,,,
5.5,,,,
6.25,,,,
6.06,,,,
6.15,,,,
4.88,,,,
4.93,,,,
5.08,,,,
5.73,,,,
7.17,,,,
5.34,,,,
5.35,,,,
5.62,,,,
5.57,,,,
5.9,,,,
5.51,,,,
5.31,,,,
5.54,,,,
5.08,,,,
4.68,,,,
4.27,,,,
5.57,,,,
4.83,,,,
4.88,,,,
4.52,,,,
5.84,,,,
4.88,,,,
5.99,,,,
5.17,,,,
4.69,,,,
4.36,,,,
5.3,,,,
8.41,,,,
10.84,,,,
7.1,,,,
5.6,,,,
5.05,,,,
5.17,,,,
12.31,,,,
5.76,,,,
5.75,,,,
5.57,,,,
5.19,,,,
4.17,,,,
5.82,,,,
5.25,,,,
5.16,,,,
6.1,,,,
4.84,,,,
5.48,,,,
6.11,,,,
4.62,,,,
9.09,,,,
4.73,,,,
5.36,,,,
5.51,,,,
6.18,,,,
8.45,,,,
5.7,,,,
5.08,,,,
5.14,,,,
4.42,,,,
4.6,,,,
5.81,,,,
5.59,,,,
5.59,,,,
5.34,,,,
5.97,,,,
5.34,,,,
4.54,,,,
6.92,,,,
4.64,,,,
4.56,,,,
4.87,,,,
6.17,,,,
5.96,,,,
5.46,,,,
4.91,,,,
7.01,,,,
5.16,,,,
4.36,,,,
5.33,,,,
5.27,,,,
4.81,,,,
5.06,,,,
6.77,,,,
5.55,,,,
5.15,,,,
5.3,,,,
5.02,,,,
4.61,,,,
6.82,,,,
7.41,,,,
7.06,,,,
5.89,,,,
5.81,,,,
5.05,,,,
4.88,,,,
6,,,,
9.38,,,,
5.25,,,,
4.54,,,,
5.91,,,,
6.02,,,,
5.32,,,,
6.37,,,,
4.7,,,,
5.61,,,,
6.17,,,,
5.85,,,,
6.03,,,,
5.21,,,,
5.49,,,,
4.61,,,,
4.65,,,,
5.18,,,,
5.38,,,,
4.92,,,,
5.39,,,,
3.87,,,,
4.4,,,,
7.18,,,,
7.67,,,,
5.45,,,,
5.69,,,,
5.19,,,,
6.26,,,,
4.03,,,,
4.53,,,,
4.35,,,,
5.23,,,,
4.87,,,,
5.13,,,,
4.36,,,,
4.97,,,,
5.84,,,,
4.92,,,,
5.79,,,,
4.82,,,,
5.28,,,,
6.49,,,,
6.05,,,,
5.34,,,,
5.4,,,,
6.28,,,,
5.21,,,,
5.23,,,,
4.71,,,,
5.95,,,,
4.83,,,,
5.89,,,,
5.77,,,,
5.68,,,,
5.08,,,,
5.37,,,,
7.75,,,,
6.2,,,,
5.72,,,,
5.29,,,,
4.81,,,,
4.43,,,,
6.87,,,,
5.53,,,,
10.79,,,,
5.06,,,,
4.95,,,,
4.69,,,,
4.27,,,,
5.26,,,,
4.42,,,,
5.47,,,,
5.53,,,,
5.46,,,,
5.19,,,,
4.87,,,,
10.52,,,,
9.85,,,,
6.01,,,,
5.54,,,,
4.72,,,,
5.06,,,,
4.91,,,,
5.69,,,,
5.22,,,,
5.53,,,,
6.09,,,,
6.3,,,,
6.13,,,,
5.92,,,,
6.1,,,,
6.22,,,,
8.28,,,,
4.9,,,,
8.51,,,,
8.74,,,,
5.2,,,,
4.69,,,,
7.16,,,,
5.84,,,,
4.84,,,,
5.14,,,,
6.4,,,,
5.64,,,,
5.52,,,,
5.22,,,,
5.63,,,,
4.42,,,,
5.86,,,,
5.21,,,,
5.15,,,,
4.57,,,,
5.41,,,,
4.89,,,,
6.54,,,,
4.64,,,,
4.97,,,,
4.95,,,,
5.36,,,,
5.42,,,,
4.97,,,,
4.97,,,,
4.36,,,,
4.03,,,,
6.08,,,,
5.26,,,,
4.79,,,,
4.56,,,,
4.53,,,,
4.64,,,,
6.24,,,,
4.83,,,,
4.78,,,,
4.68,,,,
4.55,,,,
5.8,,,,
5,,,,
10.65,,,,
5.42,,,,
5.47,,,,
4.42,,,,
5.41,,,,
5.56,,,,
4.9,,,,
5.19,,,,
4.97,,,,
4.88,,,,
5.55,,,,
5.69,,,,
4.98,,,,
5.51,,,,
4.37,,,,
4.71,,,,
5.13,,,,
4.47,,,,
5.5,,,,
18.51,,,,
6.07,,,,
5.77,,,,
4.04,,,,
5.62,,,,
8.32,,,,
5.36,,,,
4.9,,,,
5.2,,,,
5.18,,,,
5.05,,,,
5.09,,,,
5.2,,,,
3.78,,,,
4.78,,,,
5.23,,,,
5.3,,,,
4.59,,,,
5.96,,,,
4.77,,,,
5.08,,,,
5.04,,,,
4.56,,,,
5.27,,,,
8.73,,,,
5.9,,,,
7.18,,,,
6.62,,,,
6.28,,,,
5.82,,,,
5.05,,,,
5.52,,,,
5.32,,,,
5.05,,,,
4.66,,,,
6.53,,,,
5.89,,,,
6.17,,,,
7.72,,,,
5.99,,,,
4.91,,,,
6.12,,,,
5.02,,,,
5.7,,,,
5.64,,,,
4.84,,,,
4.3,,,,
5.53,,,,
4.42,,,,
5,,,,
5.36,,,,
5.29,,,,
4.84,,,,
5.4,,,,
4.71,,,,
5.73,,,,
6.12,,,,
6.2,,,,
6.37,,,,
4.97,,,,
4.64,,,,
5.35,,,,
4.89,,,,
4.64,,,,
5.23,,,,
4.96,,,,
5.55,,,,
5.93,,,,
6.48,,,,
4.97,,,,
4.21,,,,
4.93,,,,
4.86,,,,
4.04,,,,
5.66,,,,
6.13,,,,
5.19,,,,
4.94,,,,
4.37,,,,
4.72,,,,
4.85,,,,
4.87,,,,
5.13,,,,
4.84,,,,
4.86,,,,
4.5,,,,
4.73,,,,
4.98,,,,
5.32,,,,
4.72,,,,
5.06,,,,
4.96,,,,
4.64,,,,
5.4,,,,
5.32,,,,
4.39,,,,
4.44,,,,
5.05,,,,
4.68,,,,
4.47,,,,
5.97,,,,
4.34,,,,
4.72,,,,
5.57,,,,
4.19,,,,
4.62,,,,
4.49,,,,
5.73,,,,
5.59,,,,
5.78,,,,
4.9,,,,
4.85,,,,
4.96,,,,
5.35,,,,
4.88,,,,
4.96,,,,
4.57,,,,
4.99,,,,
5.06,,,,
5.07,,,,
5.89,,,,
4.74,,,,
6.3,,,,
5.02,,,,
5.48,,,,
4.44,,,,
5.07,,,,
5.05,,,,
5.31,,,,
5.47,,,,
5.67,,,,
5.31,,,,
7.31,,,,
5.78,,,,
5.07,,,,
4.86,,,,
6.35,,,,
6.06,,,,
8.31,,,,
5.27,,,,
5.63,,,,
5.89,,,,
4.96,,,,
7.1,,,,
5.71,,,,
5.03,,,,
5.61,,,,
4.4,,,,
4.8,,,,
5.89,,,,
4.25,,,,
4.25,,,,
5.29,,,,
5.29,,,,
5.73,,,,
5.52,,,,
6.51,,,,
4.89,,,,
4.44,,,,
5.31,,,,
4.56,,,,
3.96,,,,
4.9,,,,
4.54,,,,
4.64,,,,
4.6,,,,
4.97,,,,
4.27,,,,
5.27,,,,
3.7,,,,
4.5,,,,
4.97,,,,
5.81,,,,
4.44,,,,
3.79,,,,
4.47,,,,
4.74,,,,
4.58,,,,
4.72,,,,
3.9,,,,
4.97,,,,
4.85,,,,
4.24,,,,
4.59,,,,
4.96,,,,
4.61,,,,
4.87,,,,
5.4,,,,
4.9,,,,
5.72,,,,
5.68,,,,
5.51,,,,
4.68,,,,
4.96,,,,
5.84,,,,
5.34,,,,
4.66,,,,
4.82,,,,
4.96,,,,
4.76,,,,
4.63,,,,
5.65,,,,
4.7,,,,
5.22,,,,
5.04,,,,
7.06,,,,
5,,,,
4.8,,,,
4.63,,,,
4.99,,,,
5.84,,,,
4.74,,,,
5.29,,,,
5.13,,,,
5.36,,,,
5,,,,
5,,,,
5.01,,,,
5.06,,,,
5.47,,,,
4.61,,,,
4.86,,,,
4.98,,,,
5.41,,,,
7.89,,,,
4.44,,,,
5.65,,,,
6.57,,,,
4.9,,,,
5.08,,,,
5.79,,,,
5.67,,,,
5.56,,,,
4.87,,,,
4.75,,,,
5.14,,,,
8.57,,,,
6.39,,,,
5.44,,,,
5.13,,,,
7.29,,,,
10.56,,,,
5.97,,,,
4.77,,,,
4.83,,,,
5.07,,,,
4.91,,,,
5.53,,,,
5.57,,,,
5.88,,,,
5,,,,
5.67,,,,
5.04,,,,
5.45,,,,
4.97,,,,
4.85,,,,
4.8,,,,
6.57,,,,
4.8,,,,
6,,,,
4.93,,,,
6,,,,
4.97,,,,
5.47,,,,
5.1,,,,
6.05,,,,
4.99,,,,
5.42,,,,
4.98,,,,
5.17,,,,
6,,,,
5.04,,,,
4.87,,,,
6.62,,,,
5.29,,,,
5.77,,,,
4.9,,,,
6.84,,,,
5.14,,,,
4.32,,,,
5.53,,,,
5.62,,,,
8.89,,,,
7.69,,,,
5.47,,,,
5.8,,,,
8.74,,,,
8.4,,,,
6.22,,,,
5.37,,,,
4.85,,,,
6.54,,,,
5.48,,,,
6.17,,,,
4.74,,,,
5.3,,,,
5.88,,,,
5.82,,,,
4.93,,,,
5.67,,,,
10.01,,,,
5.41,,,,
5.09,,,,
5.82,,,,
4.99,,,,
4.94,,,,
5.28,,,,
4.86,,,,
5.45,,,,
4.76,,,,
5.19,,,,
4.78,,,,
5.34,,,,
5.47,,,,
4.7,,,,
4.73,,,,
5.33,,,,
6.28,,,,
12.01,,,,
5.87,,,,
11.09,,,,
5.76,,,,
7.31,,,,
5,,,,
5.57,,,,
5.81,,,,
6.01,,,,
4.45,,,,
6,,,,
4.51,,,,
5.94,,,,
5.61,,,,
4.66,,,,
4.83,,,,
5.34,,,,
5.45,,,,
5.36,,,,
5.09,,,,
5.04,,,,
6.02,,,,
6.16,,,,
5.18,,,,
5.3,,,,
5.45,,,,
5.91,,,,
5.17,,,,
4.98,,,,
4.82,,,,
5.26,,,,
5.21,,,,
8.2,,,,
11.38,,,,
11.49,,,,
4.81,,,,
5.73,,,,
5.42,,,,
5.25,,,,
4.25,,,,
13.84,,,,
11.05,,,,
4.55,,,,
4.86,,,,
4.43,,,,
6.01,,,,
5.13,,,,
4.91,,,,
5.16,,,,
5.01,,,,
4.82,,,,
4.98,,,,
4.51,,,,
5.65,,,,
5.11,,,,
4.68,,,,
4.84,,,,
5.1,,,,
6.12,,,,
5.43,,,,
4.19,,,,
5.04,,,,
5.06,,,,
4.06,,,,
4.75,,,,
4.58,,,,
5.62,,,,
5.78,,,,
4.42,,,,
5.06,,,,
4.7,,,,
4.8,,,,
4.46,,,,
5.04,,,,
5.79,,,,
4.79,,,,
5.44,,,,
5.36,,,,
4.96,,,,
4.58,,,,
5.31,,,,
5.18,,,,
4.61,,,,
4.83,,,,
4.31,,,,
4.66,,,,
5.02,,,,
4.71,,,,
5.45,,,,
5.23,,,,
4.57,,,,
5.44,,,,
4.74,,,,
5.5,,,,
4.42,,,,
4.85,,,,
5.27,,,,
5.19,,,,
5.81,,,,
4.69,,,,
5.48,,,,
5.18,,,,
4.72,,,,
4.58,,,,
4.89,,,,
4.6,,,,
5.21,,,,
4.52,,,,
6.23,,,,
8.92,,,,
5.21,,,,
5.49,,,,
4.99,,,,
5.21,,,,
5.32,,,,
4.76,,,,
5.39,,,,
4.94,,,,
4.19,,,,
8.67,,,,
5.33,,,,
4.93,,,,
5.37,,,,
5.78,,,,
4.8,,,,
4.32,,,,
4.64,,,,
5.26,,,,
4.85,,,,
4.85,,,,
4.7,,,,
4.86,,,,
4.58,,,,
7.09,,,,
5.2,,,,
5.33,,,,
4.79,,,,
5.17,,,,
4.62,,,,
5.84,,,,
4.75,,,,
4.67,,,,
5.74,,,,
4.92,,,,
9.85,,,,
10.23,,,,
6.47,,,,
4.5,,,,
5.3,,,,
5.94,,,,
4.86,,,,
5.29,,,,
6.79,,,,
4.56,,,,
6,,,,
5.59,,,,
5.82,,,,
4.62,,,,
4.49,,,,
4.91,,,,
4.85,,,,
5.25,,,,
4.49,,,,
4.93,,,,
5.4,,,,
4.79,,,,
4.61,,,,
4.82,,,,
5.67,,,,
4.48,,,,
6.52,,,,
5.21,,,,
5.42,,,,
12.4,,,,
5.19,,,,
5.26,,,,
5.37,,,,
5.24,,,,
6.63,,,,
5.55,,,,
5.73,,,,
5.15,,,,
4.89,,,,
6.56,,,,
5.21,,,,
5.13,,,,
4.84,,,,
4.54,,,,
5.13,,,,
5.21,,,,
6.57,,,,
5.47,,,,
6.41,,,,
5.19,,,,
5.12,,,,
5.56,,,,
4.55,,,,
4.97,,,,
4.99,,,,
4.61,,,,
5.65,,,,
5.33,,,,
4.53,,,,
7.68,,,,
4.96,,,,
4.53,,,,
5.78,,,,
4.62,,,,
4.85,,,,
4.53,,,,
4.71,,,,
4.85,,,,
5.19,,,,
9.43,,,,
6.21,,,,
5.43,,,,
15.11,,,,
5.39,,,,
5.09,,,,
5.59,,,,
5.05,,,,
5.31,,,,
5.59,,,,
5.15,,,,
5.51,,,,
4.83,,,,
5.44,,,,
5.32,,,,
4.86,,,,
4.93,,,,
4.92,,,,
5.22,,,,
5.21,,,,
5.01,,,,
5.57,,,,
5.24,,,,
4.95,,,,
5.11,,,,
4.57,,,,
5.65,,,,
5.81,,,,
5.67,,,,
5.28,,,,
4.51,,,,
5.27,,,,
7.22,,,,
7.4,,,,
5.83,,,,
6.14,,,,
5.02,,,,
5.37,,,,
5.68,,,,
5.91,,,,
6.13,,,,
5.37,,,,
5.35,,,,
7.6,,,,
5.25,,,,
5.75,,,,
5.7,,,,
6.2,,,,
5.85,,,,
6.19,,,,
5.73,,,,
5.46,,,,
6.35,,,,
5.51,,,,
5.76,,,,
6.81,,,,
5.49,,,,
5.22,,,,
16.61,,,,
5.45,,,,
6.02,,,,
6.86,,,,
5.73,,,,
5,,,,
6.43,,,,
10.55,,,,
5.36,,,,
5.82,,,,
5.44,,,,
4.6,,,,
5.51,,,,
8.89,,,,
6.29,,,,
5.42,,,,
7.77,,,,
6.37,,,,
5.83,,,,
5.38,,,,
7.13,,,,
5.41,,,,
4.9,,,,
7.24,,,,
5.21,,,,
6.31,,,,
5.62,,,,
17.67,,,,
13.66,,,,
5.42,,,,
5.76,,,,
5.92,,,,
5.44,,,,
5.14,,,,
5.34,,,,
10.15,,,,
5.01,,,,
8.33,,,,
5.09,,,,
5.98,,,,
7.16,,,,
6.72,,,,
8.08,,,,
6.45,,,,
13.59,,,,
5.61,,,,
5.04,,,,
6.24,,,,
7.67,,,,
5.66,,,,
6.37,,,,
15.57,,,,
8.78,,,,
5.45,,,,
6.87,,,,
5.23,,,,
6.54,,,,
7.54,,,,
5.41,,,,
11.05,,,,
5.85,,,,
7.82,,,,
5.74,,,,
8.83,,,,
10.04,,,,
6.14,,,,
4.9,,,,
5.53,,,,
4.91,,,,
9.24,,,,
7.19,,,,
7.77,,,,
5.73,,,,
10.18,,,,
7.4,,,,
6.83,,,,
5.48,,,,
7.1,,,,
8.7,,,,
6.29,,,,
5.35,,,,
5.31,,,,
5.79,,,,
5.09,,,,
5.78,,,,
5.07,,,,
5.66,,,,
5.6,,,,
4.76,,,,
6.01,,,,
5.84,,,,
4.8,,,,
5.76,,,,
5.2,,,,
4.88,,,,
5.29,,,,
10.02,,,,
5.11,,,,
4.52,,,,
5.88,,,,
6.02,,,,
4.07,,,,
5,,,,
5.11,,,,
6.03,,,,
7.51,,,,
5.11,,,,
5.7,,,,
5.03,,,,
4.39,,,,
5.79,,,,
5.76,,,,
5.14,,,,
5.52,,,,
5.64,,,,
5.26,,,,
5.05,,,,
5.11,,,,
4,,,,
5.44,,,,
4.43,,,,
7.08,,,,
4.99,,,,
4.72,,,,
5.57,,,,
4.96,,,,
4.53,,,,
6.4,,,,
4.79,,,,
5.28,,,,
5.23,,,,
5.32,,,,
4.86,,,,
5.38,,,,
5.53,,,,
5.94,,,,
8.06,,,,
5.52,,,,
5,,,,
4.81,,,,
6.66,,,,
5.06,,,,
4.56,,,,
5.26,,,,
4.97,,,,
5.4,,,,
5.1,,,,
5.16,,,,
6.33,,,,
4.28,,,,
7.58,,,,
5.6,,,,
4.46,,,,
5.74,,,,
5.87,,,,
5.19,,,,
5.37,,,,
5.45,,,,
5.2,,,,
5.85,,,,
4.76,,,,
5.15,,,,
5.09,,,,
4.85,,,,
5.71,,,,
5.43,,,,
5.69,,,,
6.95,,,,
8.41,,,,
5.58,,,,
4.13,,,,
17.41,,,,
6.48,,,,
5.31,,,,
4.77,,,,
5.09,,,,
4.73,,,,
5.39,,,,
5.5,,,,
7.38,,,,
7.43,,,,
5.24,,,,
5.02,,,,
5.82,,,,
4.95,,,,
5.47,,,,
4.98,,,,
6.41,,,,
14.44,,,,
4.46,,,,
5.71,,,,
4.87,,,,
4.75,,,,
5.04,,,,
4.46,,,,
5.18,,,,
5.3,,,,
6.37,,,,
5.45,,,,
10.11,,,,
4.47,,,,
4.93,,,,
5.53,,,,
5.01,,,,
4.9,,,,
5.36,,,,
5.01,,,,
10.88,,,,
4.78,,,,
7,,,,
5.83,,,,
4.7,,,,
5.7,,,,
5.75,,,,
5.22,,,,
4.85,,,,
4.37,,,,
4.43,,,,
5.1,,,,
5.48,,,,
4.56,,,,
4.99,,,,
5.63,,,,
4.42,,,,
4.91,,,,
4.55,,,,
6.29,,,,
5.19,,,,
6.14,,,,
4.84,,,,
4.31,,,,
4.54,,,,
4.84,,,,
15.28,,,,
4.68,,,,
7.06,,,,
6.31,,,,
7.84,,,,
4.25,,,,
3.9,,,,
5.09,,,,
4.74,,,,
4.72,,,,
5.4,,,,
6.85,,,,
6.03,,,,
6.1,,,,
5.06,,,,
5.07,,,,
5.35,,,,
9.87,,,,
4.93,,,,
5.9,,,,
5.27,,,,
5.21,,,,
4.75,,,,
5.02,,,,
4.4,,,,
5.19,,,,
5.94,,,,
5.46,,,,
6.17,,,,
4.84,,,,
5.07,,,,
5.29,,,,
13.7,,,,
5.54,,,,
5.65,,,,
5.04,,,,
5.38,,,,
4.15,,,,
5.93,,,,
5.37,,,,
5.29,,,,
6.86,,,,
5.43,,,,
7.16,,,,
4.88,,,,
5.21,,,,
4.76,,,,
5.33,,,,
5.66,,,,
5.34,,,,
5.39,,,,
5.4,,,,
5.84,,,,
5.22,,,,
5.71,,,,
6.02,,,,
5.38,,,,
5.79,,,,
4.9,,,,
6.67,,,,
5.18,,,,
5.74,,,,
5.24,,,,
5.57,,,,
5.87,,,,
5.02,,,,
6.02,,,,
6.29,,,,
7.38,,,,
5.6,,,,
4.51,,,,
5.27,,,,
5.07,,,,
4.95,,,,
5.41,,,,
5.33,,,,
4.9,,,,
5.27,,,,
5.48,,,,
5.09,,,,
5.53,,,,
5.38,,,,
4.93,,,,
5.01,,,,
4.88,,,,
5.69,,,,
5.26,,,,
8.9,,,,
8.67,,,,
5.37,,,,
5.58,,,,
5.55,,,,
5.63,,,,
5.47,,,,
5.36,,,,
5.3,,,,
5.08,,,,
5.53,,,,
4.85,,,,
5.05,,,,
6.13,,,,
5.16,,,,
5.4,,,,
4.22,,,,
4.84,,,,
7.66,,,,
4.78,,,,
4.38,,,,
6.15,,,,
5.46,,,,
5.2,,,,
6.08,,,,
6,,,,
5.04,,,,
5.05,,,,
7.28,,,,
9.3,,,,
6.07,,,,
4.31,,,,
5.2,,,,
4.61,,,,
11.63,,,,
7.24,,,,
5.24,,,,
5.24,,,,
5.58,,,,
4.55,,,,
9.1,,,,
5.89,,,,
4.54,,,,
4.38,,,,
6.14,,,,
5.31,,,,
5.57,,,,
5.73,,,,
5.15,,,,
5.83,,,,
5.27,,,,
6.21,,,,
5.54,,,,
7.39,,,,
9.75,,,,
5.1,,,,
4.54,,,,
5.07,,,,
4.99,,,,
5.11,,,,
5.41,,,,
11.17,,,,
5.07,,,,
4.67,,,,
4.77,,,,
4.78,,,,
6.4,,,,
5.18,,,,
4.8,,,,
6.05,,,,
6.91,,,,
5.31,,,,
7.48,,,,
5.45,,,,
5.71,,,,
7.96,,,,
5.04,,,,
7.39,,,,
4.04,,,,
5.6,,,,
5.13,,,,
6.68,,,,
8.33,,,,
6.65,,,,
5.07,,,,
5.02,,,,
6.21,,,,
5.61,,,,
4.77,,,,
4.76,,,,
4.74,,,,
5.21,,,,
4.15,,,,
5.08,,,,
7.54,,,,
9.43,,,,
4.97,,,,
4.77,,,,
4.85,,,,
4.9,,,,
4.06,,,,
5.67,,,,
5.08,,,,
5.58,,,,
5.04,,,,
5.43,,,,
5.11,,,,
5.24,,,,
5.09,,,,
4.37,,,,
4.7,,,,
5.16,,,,
5.18,,,,
4.82,,,,
5.27,,,,
5.91,,,,
9.67,,,,
4.78,,,,
6.58,,,,
5.13,,,,
4.83,,,,
5.17,,,,
4.48,,,,
4.41,,,,
4.39,,,,
5.74,,,,
5.59,,,,
5.77,,,,
6.01,,,,
5.15,,,,
6.24,,,,
5.25,,,,
5.17,,,,
4.86,,,,
4.93,,,,
5.64,,,,
5.3,,,,
4.73,,,,
4.62,,,,
4.7,,,,
5.56,,,,
4.63,,,,
5.06,,,,
5.58,,,,
4.92,,,,
4.9,,,,
5.24,,,,
5.24,,,,
5.41,,,,
6.12,,,,
4.31,,,,
5.21,,,,
5.78,,,,
4.5,,,,
4.62,,,,
4.86,,,,
6.09,,,,
5.01,,,,
4.18,,,,
4.74,,,,
4.85,,,,
4.4,,,,
4.99,,,,
5.25,,,,
4.9,,,,
4.17,,,,
4.46,,,,
4.99,,,,
4.75,,,,
4.89,,,,
4.45,,,,
4.4,,,,
5.11,,,,
6.14,,,,
4.9,,,,
7.61,,,,
4.67,,,,
4.51,,,,
4.87,,,,
5.37,,,,
4.91,,,,
5.45,,,,
5.82,,,,
4.44,,,,
5.23,,,,
11.68,,,,
5.36,,,,
11.13,,,,
5.74,,,,
4.83,,,,
4.82,,,,
8.13,,,,
5.56,,,,
5.11,,,,
5.02,,,,
4.6,,,,
5.89,,,,
5.22,,,,
8.47,,,,
5.02,,,,
4.62,,,,
4.56,,,,
4.59,,,,
4.16,,,,
4.38,,,,
4.46,,,,
5.66,,,,
5.54,,,,
4.79,,,,
4.65,,,,
5.21,,,,
4.89,,,,
5.98,,,,
4.39,,,,
5.14,,,,
5.84,,,,
4.81,,,,
5.55,,,,
5.56,,,,
5.35,,,,
8.22,,,,
4.64,,,,
5.09,,,,
4.72,,,,
4.71,,,,
5.34,,,,
5.06,,,,
5.94,,,,
5.36,,,,
5.74,,,,
5.47,,,,
5.09,,,,
4.91,,,,
5.08,,,,
5.07,,,,
9.71,,,,
5.39,,,,
6.09,,,,
5.47,,,,
5.58,,,,
5.28,,,,
5,,,,
4.88,,,,
5.67,,,,
5.26,,,,
5.82,,,,
5.66,,,,
5.36,,,,
4.9,,,,
5.42,,,,
4.97,,,,
6.16,,,,
5.33,,,,
5.17,,,,
5.33,,,,
4.97,,,,
4.81,,,,
8.08,,,,
5.37,,,,
5.18,,,,
5.52,,,,
12.6,,,,
5.34,,,,
7.89,,,,
4.43,,,,
5.92,,,,
6.39,,,,
5.27,,,,
8.58,,,,
6.96,,,,
6.04,,,,
5.62,,,,
6.79,,,,
5.53,,,,
5.29,,,,
5.91,,,,
6.43,,,,
5.31,,,,
6.83,,,,
5.94,,,,
6.14,,,,
12.51,,,,
4.38,,,,
6.1,,,,
7.54,,,,
4.74,,,,
4.88,,,,
6.26,,,,
5.18,,,,
12.09,,,,
4.72,,,,
5.17,,,,
5.44,,,,
7.14,,,,
5.97,,,,
5.51,,,,
7.91,,,,
5.2,,,,
5.77,,,,
5.57,,,,
4.97,,,,
4.88,,,,
5.72,,,,
5.22,,,,
8.08,,,,
5.45,,,,
5.23,,,,
4.53,,,,
7.16,,,,
11.67,,,,
4.79,,,,
7.22,,,,
5.41,,,,
5.11,,,,
6.09,,,,
4.79,,,,
5.46,,,,
4.96,,,,
7.34,,,,
4.59,,,,
5.88,,,,
6.63,,,,
5.32,,,,
4.57,,,,
6.57,,,,
4.55,,,,
4.55,,,,
5.26,,,,
5.72,,,,
4.7,,,,
5.67,,,,
5.39,,,,
5.06,,,,
5.12,,,,
5.2,,,,
5.29,,,,
5.72,,,,
5.6,,,,
5.8,,,,
4.76,,,,
8.72,,,,
6.18,,,,
5.49,,,,
5.85,,,,
7.8,,,,
5.41,,,,
5.13,,,,
6.07,,,,
5.31,,,,
7.04,,,,
4.96,,,,
6.8,,,,
5.61,,,,
8.73,,,,
5.17,,,,
5.45,,,,
14.6,,,,
4.69,,,,
4.69,,,,
5.96,,,,
5.22,,,,
4.99,,,,
5.61,,,,
6.15,,,,
5.6,,,,
6.01,,,,
4.92,,,,
4.41,,,,
5.9,,,,
5.54,,,,
4.58,,,,
7.28,,,,
5.74,,,,
5.05,,,,
4.32,,,,
5.06,,,,
4.84,,,,
5.28,,,,
4.89,,,,
5.33,,,,
5.29,,,,
4.32,,,,
16.59,,,,
5.48,,,,
5.91,,,,
5.8,,,,
4.67,,,,
5.02,,,,
5.27,,,,
4.93,,,,
4.51,,,,
5.73,,,,
4.54,,,,
11.53,,,,
8.96,,,,
5.07,,,,
6.07,,,,
4.51,,,,
6.83,,,,
5.6,,,,
5.6,,,,
4.75,,,,
5.69,,,,
4.46,,,,
4.52,,,,
4.99,,,,
4.3,,,,
5.11,,,,
5.17,,,,
5.06,,,,
4.67,,,,
4.64,,,,
4.84,,,,
4.31,,,,
4.85,,,,
4.51,,,,
4.72,,,,
4.78,,,,
5.25,,,,
5.54,,,,
5.17,,,,
5.69,,,,
4.75,,,,
6.44,,,,
6.67,,,,
4.67,,,,
5.02,,,,
7.7,,,,
5.43,,,,
5.63,,,,
4.94,,,,
5.07,,,,
6.18,,,,
10.02,,,,
5.47,,,,
4.61,,,,
5.61,,,,
5.76,,,,
5.06,,,,
4.64,,,,
4.72,,,,
5.02,,,,
4.96,,,,
5.3,,,,
5.05,,,,
5.02,,,,
4.74,,,,
5.06,,,,
4.59,,,,
4.6,,,,
4.47,,,,
5.2,,,,
7.19,,,,
4.86,,,,
4.68,,,,
5.5,,,,
5.56,,,,
4.78,,,,
6.81,,,,
4.31,,,,
5.4,,,,
4.55,,,,
6.46,,,,
4.7,,,,
5.42,,,,
4.36,,,,
5.89,,,,
5.03,,,,
12.26,,,,
5.29,,,,
4.73,,,,
4.68,,,,
4.45,,,,
5.04,,,,
4.56,,,,
5.05,,,,
5.35,,,,
5.25,,,,
4.75,,,,
4.95,,,,
4.62,,,,
8.22,,,,
5.4,,,,
5.03,,,,
5.32,,,,
6.64,,,,
4.89,,,,
5.16,,,,
6.02,,,,
4.95,,,,
4.94,,,,
5.13,,,,
5.54,,,,
4.67,,,,
4.9,,,,
5.21,,,,
5.49,,,,
6.89,,,,
4.81,,,,
4.33,,,,
5.78,,,,
5.7,,,,
5.21,,,,
9.37,,,,
5.78,,,,
5.16,,,,
7.6,,,,
5.07,,,,
5.33,,,,
5.15,,,,
5.05,,,,
5.12,,,,
7.34,,,,
4.67,,,,
4.77,,,,
5.06,,,,
5.81,,,,
5,,,,
5.35,,,,
5,,,,
5.39,,,,
5.34,,,,
4.74,,,,
4.94,,,,
5.13,,,,
4.86,,,,
5.01,,,,
5.26,,,,
4.39,,,,
5.54,,,,
4.78,,,,
4.69,,,,
5.23,,,,
4.86,,,,
5.26,,,,
5.38,,,,
4.88,,,,
4.59,,,,
5.01,,,,
5.01,,,,
3.92,,,,
4.86,,,,
5.82,,,,
5.13,,,,
5.29,,,,
4.94,,,,
10.81,,,,
5.38,,,,
4.88,,,,
5.27,,,,
5.3,,,,
10.55,,,,
4.6,,,,
9.2,,,,
6.58,,,,
5,,,,
4.83,,,,
6.68,,,,
5.66,,,,
5.05,,,,
6.23,,,,
5.49,,,,
5.17,,,,
5.17,,,,
4.49,,,,
5.45,,,,
4.78,,,,
4.28,,,,
5.72,,,,
5.63,,,,
5.29,,,,
4.96,,,,
5.55,,,,
4.86,,,,
4.33,,,,
4.84,,,,
5.53,,,,
4.93,,,,
4.37,,,,
4.09,,,,
4.85,,,,
4.98,,,,
4.85,,,,
5.49,,,,
5.61,,,,
5.3,,,,
6.25,,,,
5.26,,,,
5.63,,,,
5.54,,,,
7.26,,,,
5.63,,,,
5.29,,,,
5.15,,,,
5.71,,,,
4.49,,,,
4.64,,,,
5.2,,,,
4.58,,,,
4.64,,,,
5.03,,,,
5.62,,,,
5.25,,,,
4.79,,,,
5.16,,,,
5.39,,,,
5.41,,,,
4.91,,,,
5.15,,,,
4.71,,,,
4.68,,,,
4.93,,,,
5.54,,,,
5.34,,,,
5.35,,,,
4.97,,,,
4.79,,,,
5.81,,,,
4.68,,,,
5.51,,,,
7.95,,,,
4.86,,,,
5.33,,,,
5.35,,,,
10.85,,,,
4.92,,,,
4.84,,,,
5.27,,,,
4.8,,,,
5.01,,,,
5.82,,,,
4.94,,,,
4.01,,,,
5.63,,,,
5.95,,,,
5.03,,,,
4,,,,
5.76,,,,
4.95,,,,
15.02,,,,
6.09,,,,
5.34,,,,
5.04,,,,
6.85,,,,
5.81,,,,
5.67,,,,
6.95,,,,
5.93,,,,
6.32,,,,
11.5,,,,
5.68,,,,
5.46,,,,
4.49,,,,
5.47,,,,
6.09,,,,
6.26,,,,
5.38,,,,
5.13,,,,
5.77,,,,
6.76,,,,
4.86,,,,
5.3,,,,
5.41,,,,
4.89,,,,
6.94,,,,
5.01,,,,
5.25,,,,
4.88,,,,
5.45,,,,
5.28,,,,
4.86,,,,
5.11,,,,
5.58,,,,
4.86,,,,
4.46,,,,
5.2,,,,
6.15,,,,
5.31,,,,
4.9,,,,
4.96,,,,
5.03,,,,
4.92,,,,
4.91,,,,
5.54,,,,
5.17,,,,
5.25,,,,
5.1,,,,
5.54,,,,
5.17,,,,
4.78,,,,
5.34,,,,
5.4,,,,
5.67,,,,
4.91,,,,
4.94,,,,
5.06,,,,
4.97,,,,
4.85,,,,
5.42,,,,
6.95,,,,
5.6,,,,
5.54,,,,
6.43,,,,
4.7,,,,
5.93,,,,
5.31,,,,
5,,,,
5.23,,,,
4.87,,,,
4.72,,,,
5.74,,,,
5.51,,,,
5.6,,,,
5.2,,,,
4.66,,,,
5.29,,,,
5.04,,,,
4.47,,,,
5.37,,,,
4.83,,,,
6.34,,,,
5.14,,,,
5.08,,,,
3.91,,,,
4.54,,,,
5.18,,,,
4.56,,,,
4.98,,,,
4.67,,,,
4.8,,,,
4.74,,,,
4.58,,,,
4.98,,,,
5.21,,,,
4.66,,,,
4.69,,,,
6.18,,,,
5.88,,,,
5.06,,,,
5.8,,,,
5.03,,,,
4.99,,,,
4.23,,,,
6.06,,,,
4.38,,,,
4.85,,,,
5.05,,,,
4.65,,,,
4.53,,,,
4.87,,,,
4.39,,,,
4.88,,,,
5.13,,,,
4.92,,,,
5.27,,,,
3.77,,,,
7.01,,,,
4.9,,,,
22.49,,,,
4.84,,,,
4.47,,,,
4.68,,,,
10.15,,,,
4.27,,,,
4.98,,,,
4.68,,,,
4.88,,,,
5.22,,,,
4.88,,,,
4.78,,,,
5.86,,,,
4.97,,,,
5.59,,,,
7.39,,,,
4.39,,,,
4.95,,,,
6.06,,,,
6.68,,,,
5.7,,,,
4.58,,,,
4.54,,,,
4.76,,,,
4.76,,,,
5.12,,,,
4.48,,,,
4.83,,,,
4.4,,,,
4.27,,,,
4.9,,,,
7.18,,,,
4.96,,,,
4.96,,,,
5.03,,,,
4.47,,,,
9.85,,,,
4.52,,,,
4.77,,,,
5.32,,,,
4.87,,,,
5.39,,,,
6.72,,,,
5.14,,,,
6.08,,,,
13.78,,,,
5.52,,,,
5.1,,,,
4.81,,,,
17.85,,,,
4.9,,,,
4.96,,,,
5.23,,,,
4.79,,,,
5.17,,,,
5.33,,,,
5.08,,,,
7.44,,,,
5.36,,,,
5.26,,,,
4.82,,,,
4.96,,,,
4.76,,,,
5.37,,,,
4.63,,,,
5.6,,,,
4.91,,,,
4.37,,,,
5.08,,,,
5.1,,,,
5.48,,,,
6.02,,,,
4.83,,,,
4.7,,,,
5.02,,,,
9.52,,,,
4.83,,,,
4.88,,,,
4.9,,,,
4.51,,,,
5.28,,,,
4.88,,,,
5.09,,,,
5.73,,,,
4.81,,,,
5.09,,,,
5.08,,,,
5.49,,,,
4.63,,,,
4.26,,,,
4.79,,,,
5.25,,,,
4.66,,,,
4.63,,,,
5.11,,,,
5.4,,,,
5.17,,,,
5.29,,,,
5.01,,,,
4.67,,,,
5.05,,,,
4.77,,,,
5.1,,,,
4.38,,,,
4.5,,,,
5.12,,,,
5.45,,,,
5.24,,,,
6.35,,,,
5.68,,,,
5.09,,,,
5.4,,,,
4.91,,,,
5.3,,,,
5.57,,,,
4.83,,,,
4.94,,,,
5.11,,,,
4.66,,,,
4.6,,,,
5.14,,,,
5.06,,,,
4.72,,,,
6.28,,,,
5.13,,,,
5.37,,,,
5.48,,,,
6.52,,,,
5.67,,,,
5.55,,,,
5.83,,,,
4.86,,,,
6.07,,,,
6.03,,,,
5.05,,,,
6.72,,,,
6.19,,,,
5.35,,,,
5.18,,,,
5.2,,,,
4.87,,,,
5.69,,,,
4.29,,,,
5.33,,,,
7.63,,,,
5.48,,,,
5.1,,,,
5.15,,,,
5.2,,,,
8.13,,,,
5.93,,,,
4.86,,,,
5.61,,,,
4.94,,,,
3.99,,,,
6.47,,,,
5.35,,,,
5.08,,,,
5.42,,,,
4.99,,,,
5.81,,,,
5.7,,,,
6.45,,,,
5.45,,,,
4.88,,,,
5.8,,,,
4.84,,,,
5.26,,,,
5.41,,,,
5.11,,,,
4.86,,,,
5.8,,,,
5.88,,,,
5,,,,
5.08,,,,
5.38,,,,
5.29,,,,
5.1,,,,
5.42,,,,
5.89,,,,
4.96,,,,
5.1,,,,
7.33,,,,
14.74,,,,
5.78,,,,
4.78,,,,
6.09,,,,
5.58,,,,
5.58,,,,
6.54,,,,
4.94,,,,
5.18,,,,
5.06,,,,
4.36,,,,
5.47,,,,
6.84,,,,
4.43,,,,
5.59,,,,
6.42,,,,
5.13,,,,
4.78,,,,
5.71,,,,
5.42,,,,
5.7,,,,
5.39,,,,
6.16,,,,
5.53,,,,
4.93,,,,
5.32,,,,
4.79,,,,
5.67,,,,
5.62,,,,
5.51,,,,
5.53,,,,
4.32,,,,
5.57,,,,
9.63,,,,
6.73,,,,
4.56,,,,
4.94,,,,
5.37,,,,
4.4,,,,
4.78,,,,
5.06,,,,
5.31,,,,
5.04,,,,
5.29,,,,
5.1,,,,
5.4,,,,
4.83,,,,
5,,,,
5.79,,,,
5.26,,,,
5.03,,,,
4.75,,,,
5,,,,
4.72,,,,
6.22,,,,
4.91,,,,
4.88,,,,
5.13,,,,
5.52,,,,
5.13,,,,
5.15,,,,
4.57,,,,
5.44,,,,
5.32,,,,
5.58,,,,
4.67,,,,
6.16,,,,
5.49,,,,
5.51,,,,
5.02,,,,
5.17,,,,
4.73,,,,
5.07,,,,
4.96,,,,
5.03,,,,
5.47,,,,
4.94,,,,
4.71,,,,
5.04,,,,
4.85,,,,
4.64,,,,
4.88,,,,
5.17,,,,
4.49,,,,
5.08,,,,
5.03,,,,
5.02,,,,
5.28,,,,
5.33,,,,
4.51,,,,
4.64,,,,
4.61,,,,
4.74,,,,
4.76,,,,
5.28,,,,
5.62,,,,
4.67,,,,
5.02,,,,
4.86,,,,
4.38,,,,
5.02,,,,
4.94,,,,
6.73,,,,
4.19,,,,
5.94,,,,
5.76,,,,
5.97,,,,
6.14,,,,
5.43,,,,
4.57,,,,
6.25,,,,
9.22,,,,
4.92,,,,
5.58,,,,
4.68,,,,
6.36,,,,
5.9,,,,
5.38,,,,
6.7,,,,
5.99,,,,
5.44,,,,
5.34,,,,
5.81,,,,
6.28,,,,
6.04,,,,
6.02,,,,
5.16,,,,
5.91,,,,
8.37,,,,
5.65,,,,
5.91,,,,
9.23,,,,
5.79,,,,
4.39,,,,
7.89,,,,
6.35,,,,
6.45,,,,
6.22,,,,
6.89,,,,
5.44,,,,
4.93,,,,
5.52,,,,
5.13,,,,
5.74,,,,
5.84,,,,
5.24,,,,
5.88,,,,
5.24,,,,
5.73,,,,
6.06,,,,
5.47,,,,
7.55,,,,
8.19,,,,
10.62,,,,
16.04,,,,
5.44,,,,
5.46,,,,
5.26,,,,
6.05,,,,
5.44,,,,
5.28,,,,
6.38,,,,
6.87,,,,
4.55,,,,
4.99,,,,
5.59,,,,
5.33,,,,
4.75,,,,
5.04,,,,
5.93,,,,
5.98,,,,
3.93,,,,
5.45,,,,
4.98,,,,
4.74,,,,
4.17,,,,
6.18,,,,
6.34,,,,
4.79,,,,
5.71,,,,
5,,,,
5.22,,,,
5.87,,,,
5.27,,,,
5.26,,,,
5.17,,,,
5.26,,,,
4.97,,,,
5.5,,,,
5.02,,,,
5.22,,,,
4.66,,,,
5.14,,,,
5.01,,,,
5.64,,,,
11.8,,,,
15.3,,,,
4.37,,,,
5.73,,,,
4.28,,,,
5.04,,,,
4.29,,,,
4.8,,,,
5.04,,,,
5.56,,,,
12.15,,,,
5.73,,,,
12.69,,,,
4.76,,,,
4.59,,,,
4.17,,,,
4.28,,,,
4.25,,,,
5.65,,,,
4.84,,,,
4.72,,,,
4.67,,,,
5.41,,,,
7.14,,,,
4.37,,,,
4.7,,,,
5.52,,,,
5.51,,,,
5.03,,,,
4.53,,,,
5.19,,,,
5.37,,,,
4.89,,,,
4.59,,,,
4.92,,,,
4.65,,,,
4.6,,,,
4.92,,,,
4.83,,,,
4.6,,,,
4.94,,,,
4.95,,,,
4.26,,,,
5.39,,,,
4.95,,,,
5.15,,,,
5.81,,,,
6.04,,,,
5.38,,,,
5.18,,,,
6.2,,,,
8.78,,,,
5.56,,,,
6.01,,,,
5.21,,,,
5.54,,,,
8.07,,,,
9.24,,,,
6.02,,,,
5.56,,,,
5.49,,,,
5.93,,,,
4.68,,,,
5,,,,
4.79,,,,
5.21,,,,
5.1,,,,
5.4,,,,
4.93,,,,
4.69,,,,
4.54,,,,
4.22,,,,
8.62,,,,
11.46,,,,
5.17,,,,
4.94,,,,
4.76,,,,
5.51,,,,
5.09,,,,
5.19,,,,
4.67,,,,
5.38,,,,
5.5,,,,
5.56,,,,
4.9,,,,
4.86,,,,
5.69,,,,
7.18,,,,
4.9,,,,
6.19,,,,
5.43,,,,
5.81,,,,
5.67,,,,
5.41,,,,
8.76,,,,
4.9,,,,
6.43,,,,
6.16,,,,
5.51,,,,
5.62,,,,
5.12,,,,
4.54,,,,
5.1,,,,
7.47,,,,
9.08,,,,
5.66,,,,
5.32,,,,
5.28,,,,
4.97,,,,
4.57,,,,
5.06,,,,
5.67,,,,
5.11,,,,
5.37,,,,
8.65,,,,
7.58,,,,
5.32,,,,
4.57,,,,
6.22,,,,
6.59,,,,
5.38,,,,
4.73,,,,
4.88,,,,
5.22,,,,
4.6,,,,
5.41,,,,
4.66,,,,
4.75,,,,
5.87,,,,
5.1,,,,
5.72,,,,
7.36,,,,
5.17,,,,
5.16,,,,
6.85,,,,
11.19,,,,
6.1,,,,
5.07,,,,
4.84,,,,
5.3,,,,
5.82,,,,
5,,,,
6.1,,,,
5.62,,,,
5.38,,,,
4.93,,,,
8.86,,,,
8.04,,,,
5.55,,,,
5.1,,,,
6.43,,,,
5.25,,,,
4.49,,,,
6.12,,,,
4.64,,,,
5.53,,,,
5.59,,,,
4.65,,,,
6.41,,,,
5.13,,,,
12,,,,
4.75,,,,
5.63,,,,
4.81,,,,
5.03,,,,
5.06,,,,
6.22,,,,
4.57,,,,
4.05,,,,
4.65,,,,
5.34,,,,
4.63,,,,
4.37,,,,
11.54,,,,
11.16,,,,
4.66,,,,
4.82,,,,
4.54,,,,
5.31,,,,
4.8,,,,
4.49,,,,
5.27,,,,
8.41,,,,
4.65,,,,
4.86,,,,
4.84,,,,
4.7,,,,
4.55,,,,
5.13,,,,
6.22,,,,
6.9,,,,
5.02,,,,
4.61,,,,
5.01,,,,
5.08,,,,
5.66,,,,
8.75,,,,
4.21,,,,
4.63,,,,
4.91,,,,
9.31,,,,
4.27,,,,
4.67,,,,
4.79,,,,
4.74,,,,
5.16,,,,
4.06,,,,
7.81,,,,
4.59,,,,
5.68,,,,
5.25,,,,
6.13,,,,
4.05,,,,
4.26,,,,
4.37,,,,
4.79,,,,
4.96,,,,
13.81,,,,
4.63,,,,
4.99,,,,
4.8,,,,
5.53,,,,
5.15,,,,
5.06,,,,
4.3,,,,
5,,,,
4.08,,,,
5.54,,,,
6.79,,,,
4.66,,,,
4.21,,,,
5.37,,,,
5.27,,,,
4.61,,,,
4.13,,,,
5.5,,,,
5.45,,,,
5.15,,,,
4.61,,,,
5.3,,,,
5.52,,,,
4.71,,,,
5.07,,,,
4.88,,,,
6.02,,,,
5.14,,,,
4.65,,,,
4.89,,,,
4.41,,,,
4.7,,,,
4.4,,,,
5.84,,,,
4.87,,,,
4.62,,,,
5.09,,,,
7.66,,,,
4.69,,,,
5.16,,,,
4.75,,,,
6.1,,,,
5.6,,,,
7,,,,
4.89,,,,
4.75,,,,
4.77,,,,
5.55,,,,
5.53,,,,
4.69,,,,
5.61,,,,
5.14,,,,
5.07,,,,
4.85,,,,
9.38,,,,
5.29,,,,
4.71,,,,
5.49,,,,
5.42,,,,
5.28,,,,
5.26,,,,
4.99,,,,
4.88,,,,
5.16,,,,
4.72,,,,
5.22,,,,
4.89,,,,
5.07,,,,
5.12,,,,
4.97,,,,
4.82,,,,
5.05,,,,
4.63,,,,
4.89,,,,
5.95,,,,
5.02,,,,
5.16,,,,
4.57,,,,
5.56,,,,
6.28,,,,
5.11,,,,
5.31,,,,
7.73,,,,
4.35,,,,
5.1,,,,
4.47,,,,
5.7,,,,
10.18,,,,
5.26,,,,
4.33,,,,
5.13,,,,
6.67,,,,
5.29,,,,
7.4,,,,
4.76,,,,
5.36,,,,
6.31,,,,
5.5,,,,
5.27,,,,
7.82,,,,
5.08,,,,
5.24,,,,
5.27,,,,
4.97,,,,
5.06,,,,
4.79,,,,
5.66,,,,
13,,,,
4.76,,,,
4.85,,,,
5.44,,,,
7.67,,,,
5.28,,,,
5.57,,,,
4.61,,,,
5.52,,,,
5.52,,,,
4.94,,,,
5.85,,,,
8.23,,,,
5.81,,,,
6.2,,,,
4.81,,,,
5.89,,,,
6.84,,,,
4.88,,,,
5.08,,,,
5.14,,,,
5.45,,,,
5.2,,,,
5.59,,,,
7.45,,,,
9.4,,,,
5.16,,,,
5.8,,,,
5.34,,,,
4.92,,,,
4.29,,,,
5.68,,,,
5.37,,,,
5.17,,,,
18.42,,,,
5.89,,,,
8.24,,,,
5.89,,,,
6.11,,,,
5.89,,,,
5.68,,,,
6.12,,,,
5.42,,,,
6.86,,,,
5.35,,,,
5.51,,,,
5.44,,,,
4.87,,,,
6.4,,,,
5.76,,,,
5.54,,,,
5.29,,,,
5.94,,,,
4.99,,,,
5.88,,,,
5.06,,,,
5.35,,,,
5.45,,,,
5.05,,,,
6.76,,,,
5.45,,,,
5.76,,,,
5.84,,,,
5.87,,,,
5.04,,,,
5.67,,,,
5.64,,,,
6.06,,,,
5.48,,,,
5.63,,,,
5.17,,,,
7.12,,,,
5.49,,,,
4.99,,,,
5.86,,,,
6.68,,,,
5.31,,,,
5.77,,,,
5.3,,,,
5.16,,,,
5.6,,,,
4.87,,,,
8.16,,,,
5.15,,,,
5.38,,,,
5.04,,,,
4.94,,,,
4.89,,,,
5.7,,,,
4.7,,,,
4.47,,,,
5.21,,,,
10.37,,,,
4.7,,,,
5.03,,,,
4.88,,,,
7.29,,,,
4.65,,,,
6.14,,,,
5.81,,,,
5.29,,,,
4.95,,,,
5.59,,,,
5.96,,,,
6.24,,,,
5.35,,,,
4.92,,,,
4.7,,,,
5.54,,,,
4.67,,,,
4.64,,,,
4.86,,,,
5.07,,,,
6.27,,,,
4.9,,,,
6.78,,,,
4.67,,,,
7.25,,,,
4.63,,,,
4.95,,,,
5.05,,,,
5.13,,,,
5.91,,,,
4.54,,,,
5.27,,,,
5.34,,,,
5.42,,,,
5.5,,,,
6,,,,
5.47,,,,
5.01,,,,
5.21,,,,
7.16,,,,
9.27,,,,
5.31,,,,
5.33,,,,
5.79,,,,
5.38,,,,
5.49,,,,
4.79,,,,
5.25,,,,
6.29,,,,
6.91,,,,
3.63,,,,
4.6,,,,
4.32,,,,
5.27,,,,
4.58,,,,
5.39,,,,
5.49,,,,
5.66,,,,
5.86,,,,
5.53,,,,
5.03,,,,
5.59,,,,
5,,,,
5.48,,,,
4.58,,,,
5.18,,,,
7.58,,,,
5.29,,,,
6.7,,,,
7.38,,,,
5.45,,,,
6.6,,,,
5.76,,,,
5.63,,,,
4.87,,,,
5.73,,,,
6.23,,,,
6.09,,,,
6.83,,,,
5.16,,,,
5.17,,,,
4.91,,,,
6.7,,,,
8.48,,,,
6.28,,,,
4.83,,,,
5.18,,,,
5.76,,,,
5.38,,,,
6.71,,,,
6.84,,,,
5.73,,,,
5.08,,,,
4.85,,,,
5.91,,,,
5.58,,,,
5.15,,,,
6.88,,,,
5.63,,,,
9.2,,,,
5.29,,,,
5.51,,,,
5.09,,,,
5.24,,,,
5.15,,,,
4.79,,,,
6.14,,,,
5.73,,,,
5.68,,,,
5.76,,,,
4.86,,,,
5.6,,,,
5.87,,,,
5.9,,,,
5.3,,,,
5.6,,,,
6.77,,,,
9.19,,,,
4.53,,,,
5.8,,,,
5.81,,,,
5.23,,,,
5.61,,,,
7.67,,,,
6.52,,,,
11.62,,,,
5.47,,,,
5.3,,,,
4.96,,,,
5.55,,,,
5.33,,,,
5.54,,,,
4.92,,,,
5.56,,,,
5.42,,,,
5.06,,,,
6.16,,,,
5.69,,,,
5.1,,,,
6.69,,,,
5.4,,,,
5.23,,,,
5.19,,,,
5.3,,,,
5.72,,,,
5.38,,,,
5.29,,,,
5.58,,,,
6.53,,,,
5.17,,,,
4.86,,,,
6.39,,,,
5.17,,,,
5.87,,,,
5.65,,,,
4.95,,,,
4.74,,,,
4.93,,,,
5.34,,,,
5.28,,,,
5.09,,,,
5.34,,,,
4.95,,,,
5.5,,,,
5.12,,,,
4.93,,,,
5.1,,,,
10.75,,,,
5.22,,,,
5.94,,,,
5.34,,,,
4.94,,,,
5.93,,,,
4.79,,,,
5.73,,,,
4.95,,,,
5.04,,,,
5.62,,,,
5.77,,,,
10.45,,,,
5.23,,,,
6.63,,,,
5.06,,,,
4.57,,,,
5.06,,,,
5.56,,,,
4.91,,,,
5.16,,,,
5.39,,,,
5.8,,,,
4.46,,,,
5.45,,,,
5.44,,,,
5.36,,,,
5.02,,,,
4.93,,,,
5.23,,,,
5.01,,,,
5.33,,,,
6.06,,,,
4.73,,,,
4.73,,,,
4.94,,,,
4.84,,,,
5.15,,,,
5.98,,,,
5.44,,,,
5.24,,,,
5.13,,,,
5.15,,,,
5.48,,,,
4.88,,,,
5.52,,,,
5.39,,,,
6.13,,,,
5.25,,,,
5.26,,,,
4.89,,,,
6.02,,,,
5.56,,,,
5.76,,,,
5.46,,,,
5.67,,,,
4.83,,,,
5.24,,,,
6,,,,
4.88,,,,
5.19,,,,
4.34,,,,
4.45,,,,
5.41,,,,
5.66,,,,
4.77,,,,
4.98,,,,
5.38,,,,
5.88,,,,
5.04,,,,
5.15,,,,
4.23,,,,
5.31,,,,
5.1,,,,
5.86,,,,
5.59,,,,
5.48,,,,
5.31,,,,
5.39,,,,
5.42,,,,
5.49,,,,
5.82,,,,
4.94,,,,
5.03,,,,
6.05,,,,
4.9,,,,
5.3,,,,
4.7,,,,
5.39,,,,
5.99,,,,
4.85,,,,
4.88,,,,
4.87,,,,
5.33,,,,
6.33,,,,
4.62,,,,
4.92,,,,
4.89,,,,
5.35,,,,
7.47,,,,
5.12,,,,
5.71,,,,
5.29,,,,
4.77,,,,
6.75,,,,
4.93,,,,
4.65,,,,
4.68,,,,
5.24,,,,
4.84,,,,
15.58,,,,
5.71,,,,
5.08,,,,
4.95,,,,
5.22,,,,
3.78,,,,
5.08,,,,
5,,,,
4.79,,,,
5.45,,,,
4.71,,,,
5,,,,
6.13,,,,
5.24,,,,
5.96,,,,
4.83,,,,
4.82,,,,
4.74,,,,
4.81,,,,
5.05,,,,
5.26,,,,
4.72,,,,
4.85,,,,
5.37,,,,
5.29,,,,
5.25,,,,
5.4,,,,
5.87,,,,
4.31,,,,
5.97,,,,
5.44,,,,
5.25,,,,
5.01,,,,
4.88,,,,
5.43,,,,
5.48,,,,
5.82,,,,
4.54,,,,
5.25,,,,
5.46,,,,
5.54,,,,
4.95,,,,
4.77,,,,
5.5,,,,
5.1,,,,
8.69,,,,
6.61,,,,
6.58,,,,
6.33,,,,
5.59,,,,
4.87,,,,
4.94,,,,
5.82,,,,
4.4,,,,
5.01,,,,
5.36,,,,
4.9,,,,
5.62,,,,
4.77,,,,
4.62,,,,
4.93,,,,
4.77,,,,
4.9,,,,
4.83,,,,
5.03,,,,
6.04,,,,
5.07,,,,
5.07,,,,
6.29,,,,
5.45,,,,
5.87,,,,
4.76,,,,
4.92,,,,
4.32,,,,
5.5,,,,
4.92,,,,
5.08,,,,
4.45,,,,
4.86,,,,
5.67,,,,
5.47,,,,
4.6,,,,
5.67,,,,
4.9,,,,
5.71,,,,
6.97,,,,
5.09,,,,
5.3,,,,
5.74,,,,
4.88,,,,
5.35,,,,
5.55,,,,
4.8,,,,
5.11,,,,
5.82,,,,
5.13,,,,
5.36,,,,
5.17,,,,
4.65,,,,
4.88,,,,
4.8,,,,
5.03,,,,
4.76,,,,
5.2,,,,
5.35,,,,
5.61,,,,
5.04,,,,
5.73,,,,
6.08,,,,
5.97,,,,
12.71,,,,
5.42,,,,
5.61,,,,
6.16,,,,
5.86,,,,
5.9,,,,
5.42,,,,
4.51,,,,
5.83,,,,
6.36,,,,
5.07,,,,
4.74,,,,
5.48,,,,
5.24,,,,
5.07,,,,
5.74,,,,
8.18,,,,
5.36,,,,
5.27,,,,
5.44,,,,
15.89,,,,
8.62,,,,
4.92,,,,
5.37,,,,
5.29,,,,
4.71,,,,
4.75,,,,
5.51,,,,
5.31,,,,
6.01,,,,
5.12,,,,
5.4,,,,
5.49,,,,
5.64,,,,
5.9,,,,
6.33,,,,
4.91,,,,
6.06,,,,
4.66,,,,
4.99,,,,
6.67,,,,
5.25,,,,
5.4,,,,
5.28,,,,
5.26,,,,
5.35,,,,
5.75,,,,
5.07,,,,
6.13,,,,
6.39,,,,
4.81,,,,
4.8,,,,
5,,,,
5.33,,,,
4.55,,,,
5.22,,,,
4.24,,,,
23.62,,,,
4.32,,,,
6.16,,,,
5.18,,,,
4.87,,,,
4.89,,,,
5.62,,,,
5.35,,,,
16.37,,,,
4.8,,,,
13.57,,,,
5.43,,,,
4.38,,,,
5.69,,,,
5.11,,,,
4.82,,,,
5.05,,,,
5.81,,,,
5.87,,,,
6.53,,,,
6.53,,,,
5.26,,,,
5.3,,,,
5.78,,,,
4.73,,,,
13.13,,,,
7.67,,,,
5.21,,,,
7.76,,,,
4.6,,,,
4.64,,,,
5.01,,,,
6.21,,,,
6.42,,,,
4.97,,,,
7.93,,,,
6.2,,,,
38.43,,,,
5.22,,,,
4.74,,,,
5.36,,,,
7.89,,,,
6.86,,,,
5.39,,,,
4.85,,,,
6,,,,
6.05,,,,
5.99,,,,
5.26,,,,
5.56,,,,
5.74,,,,
5.47,,,,
5.57,,,,
5.28,,,,
5.77,,,,
5.19,,,,
5.61,,,,
5.98,,,,
5.84,,,,
4.9,,,,
5.86,,,,
5.71,,,,
5.18,,,,
5.3,,,,
5.16,,,,
5.52,,,,
7.55,,,,
5.46,,,,
4.81,,,,
5.03,,,,
6,,,,
5.09,,,,
4.2,,,,
5.76,,,,
4.32,,,,
4.37,,,,
4.86,,,,
6.3,,,,
5.85,,,,
8.66,,,,
4.97,,,,
5.21,,,,
5.76,,,,
5.38,,,,
6.16,,,,
7.24,,,,
5.16,,,,
5.39,,,,
5.2,,,,
4.91,,,,
5.36,,,,
5.51,,,,
5.51,,,,
5.13,,,,
5.7,,,,
15.62,,,,
4.89,,,,
6.61,,,,
5.47,,,,
5.06,,,,
6.36,,,,
5.69,,,,
4.9,,,,
5.05,,,,
4.8,,,,
7.13,,,,
5.49,,,,
5.16,,,,
4.61,,,,
6.07,,,,
4.53,,,,
5.1,,,,
6.1,,,,
5.65,,,,
5.84,,,,
5.56,,,,
6.74,,,,
5.74,,,,
5.6,,,,
6.33,,,,
4.95,,,,
5.06,,,,
5.48,,,,
5.17,,,,
5.84,,,,
5.78,,,,
4.76,,,,
4.88,,,,
4.32,,,,
5.51,,,,
5.31,,,,
4.49,,,,
4.99,,,,
5.51,,,,
5.49,,,,
5.15,,,,
6.97,,,,
4.59,,,,
4.64,,,,
6,,,,
5.58,,,,
5.05,,,,
4.97,,,,
5.21,,,,
4.6,,,,
5.22,,,,
5.03,,,,
4.9,,,,
5.2,,,,
4.59,,,,
6.53,,,,
5.2,,,,
6.32,,,,
4.49,,,,
4.76,,,,
5.11,,,,
4.42,,,,
5.13,,,,
4.6,,,,
5.75,,,,
5.48,,,,
4.75,,,,
5.51,,,,
5.73,,,,
6.56,,,,
4.92,,,,
4.46,,,,
4.87,,,,
4.31,,,,
4.88,,,,
5.09,,,,
5.21,,,,
5.1,,,,
5.12,,,,
5.21,,,,
5.26,,,,
5.3,,,,
6,,,,
5.86,,,,
4.57,,,,
4.81,,,,
6.08,,,,
5.45,,,,
4.92,,,,
5.46,,,,
6.21,,,,
5.74,,,,
5.35,,,,
5.71,,,,
5.44,,,,
5.5,,,,
4.84,,,,
5.31,,,,
5.04,,,,
5.66,,,,
5.05,,,,
7.7,,,,
6.04,,,,
5.22,,,,
4.99,,,,
6.53,,,,
5.16,,,,
5.06,,,,
4.81,,,,
5.37,,,,
4.63,,,,
4.9,,,,
4.43,,,,
5.49,,,,
5.73,,,,
5.61,,,,
5.27,,,,
5.13,,,,
5.82,,,,
5.81,,,,
5.67,,,,
5.16,,,,
5.11,,,,
6.16,,,,
4.79,,,,
5.44,,,,
3.47,,,,
4.67,,,,
6.02,,,,
7.01,,,,
5.78,,,,
5.33,,,,
4.67,,,,
5.7,,,,
5.55,,,,
4.67,,,,
4.56,,,,
4.68,,,,
4.86,,,,
4.7,,,,
4.88,,,,
5.49,,,,
4.76,,,,
4.81,,,,
5.18,,,,
4.79,,,,
5.18,,,,
5.17,,,,
5.06,,,,
4.48,,,,
5.3,,,,
5.02,,,,
5.03,,,,
6.02,,,,
4.44,,,,
4.7,,,,
5.44,,,,
4.99,,,,
5.41,,,,
6.25,,,,
4.59,,,,
5.2,,,,
4.92,,,,
5.62,,,,
4.95,,,,
5.64,,,,
5.47,,,,
4.82,,,,
4.97,,,,
5.01,,,,
4.52,,,,
5.51,,,,
5.38,,,,
5.21,,,,
5.97,,,,
5.25,,,,
5.19,,,,
5.15,,,,
5.06,,,,
5.66,,,,
5.82,,,,
6.69,,,,
5.55,,,,
4.75,,,,
5.37,,,,
5.65,,,,
5.59,,,,
6.1,,,,
9.18,,,,
6.53,,,,
5.67,,,,
5.61,,,,
4.66,,,,
5.5,,,,
4.78,,,,
8.71,,,,
5.95,,,,
5.73,,,,
5.71,,,,
4.97,,,,
4.85,,,,
5.08,,,,
5.2,,,,
5.72,,,,
5.65,,,,
6.63,,,,
8.04,,,,
4.92,,,,
4.82,,,,
5.23,,,,
5.24,,,,
5.11,,,,
4.75,,,,
4.81,,,,
5.18,,,,
8.81,,,,
6.14,,,,
5.24,,,,
5.54,,,,
5.23,,,,
6.05,,,,
5.04,,,,
5.51,,,,
5.64,,,,
6.97,,,,
5.68,,,,
4.55,,,,
5.31,,,,
4.92,,,,
13.38,,,,
5.66,,,,
5.75,,,,
5.15,,,,
4.67,,,,
10.22,,,,
4.55,,,,
6.17,,,,
5.92,,,,
5.25,,,,
5.28,,,,
5.5,,,,
4.19,,,,
5.49,,,,
4.96,,,,
10.31,,,,
4.51,,,,
5.08,,,,
5.43,,,,
6.22,,,,
6.49,,,,
4.94,,,,
5.59,,,,
5.65,,,,
5.04,,,,
6.22,,,,
4.83,,,,
12.4,,,,
4.17,,,,
5.11,,,,
7.21,,,,
5.13,,,,
4.97,,,,
5.69,,,,
7.52,,,,
8.39,,,,
7.17,,,,
6.5,,,,
6.19,,,,
4.67,,,,
4.37,,,,
6.36,,,,
5.99,,,,
5.66,,,,
5.1,,,,
5.59,,,,
5.45,,,,
5.28,,,,
4.65,,,,
4.76,,,,
5.67,,,,
4.42,,,,
4.44,,,,
4.23,,,,
4.81,,,,
5.33,,,,
5.03,,,,
5.01,,,,
10.51,,,,
5.41,,,,
5.88,,,,
5.51,,,,
6.78,,,,
5.32,,,,
4.49,,,,
5.53,,,,
5.05,,,,
4.43,,,,
6.2,,,,
5.33,,,,
5.13,,,,
4.92,,,,
4.94,,,,
4.32,,,,
6,,,,
5.93,,,,
4.99,,,,
5.44,,,,
4.85,,,,
6.5,,,,
7.18,,,,
5.15,,,,
6.95,,,,
6.13,,,,
5.21,,,,
5.03,,,,
4.58,,,,
5,,,,
4.97,,,,
5,,,,
6.79,,,,
4.71,,,,
4.65,,,,
5.16,,,,
5.5,,,,
5.84,,,,
4.66,,,,
6.11,,,,
5.5,,,,
5.25,,,,
5.9,,,,
5.61,,,,
4.64,,,,
4.65,,,,
5.35,,,,
5.07,,,,
5.65,,,,
5.5,,,,
5.77,,,,
5.67,,,,
8.5,,,,
5.18,,,,
6.81,,,,
5.06,,,,
5.01,,,,
5.58,,,,
4.89,,,,
5.17,,,,
4.71,,,,
4.75,,,,
6.78,,,,
4.79,,,,
4.74,,,,
4.07,,,,
6.15,,,,
4.85,,,,
4.83,,,,
5.98,,,,
5.14,,,,
4.66,,,,
5.06,,,,
6.8,,,,
5.94,,,,
5.31,,,,
5.77,,,,
5.66,,,,
6.33,,,,
5.44,,,,
5.58,,,,
5.58,,,,
8.47,,,,
6.5,,,,
7.78,,,,
5.64,,,,
12.9,,,,
5.92,,,,
6.47,,,,
5.85,,,,
4.85,,,,
6.92,,,,
6.42,,,,
6.14,,,,
7.03,,,,
4.4,,,,
7.4,,,,
5.95,,,,
7.07,,,,
7.08,,,,
14.26,,,,
5.83,,,,
5.73,,,,
6.2,,,,
6.65,,,,
5.59,,,,
6.35,,,,
5.01,,,,
9.12,,,,
5.84,,,,
5.41,,,,
5.1,,,,
6.61,,,,
6.13,,,,
5.75,,,,
7.02,,,,
8.88,,,,
10.18,,,,
5.86,,,,
7.66,,,,
5.94,,,,
6.59,,,,
11.15,,,,
5.49,,,,
5.12,,,,
6.21,,,,
8.62,,,,
7.6,,,,
6.34,,,,
5.44,,,,
13.57,,,,
5.97,,,,
5.63,,,,
8.72,,,,
4.66,,,,
5.95,,,,
5.67,,,,
5.18,,,,
6.29,,,,
5.33,,,,
8.83,,,,
5.96,,,,
6.7,,,,
5.93,,,,
6.38,,,,
6.87,,,,
6.35,,,,
6.54,,,,
5.47,,,,
7.69,,,,
5.73,,,,
6.68,,,,
5.4,,,,
9.17,,,,
5.51,,,,
5.52,,,,
9.78,,,,
6.34,,,,
6.28,,,,
5.33,,,,
8.35,,,,
7.45,,,,
6.96,,,,
6.86,,,,
6.99,,,,
9.74,,,,
5.84,,,,
5.63,,,,
6.73,,,,
5.8,,,,
6.55,,,,
6.41,,,,
6.21,,,,
6.22,,,,
9.73,,,,
5.77,,,,
15.7,,,,
7.09,,,,
5.93,,,,
5.94,,,,
5.55,,,,
5.89,,,,
5.71,,,,
5.64,,,,
10.43,,,,
5.35,,,,
5.52,,,,
5.77,,,,
5.82,,,,
5.07,,,,
5.47,,,,
5.59,,,,
5.2,,,,
4.98,,,,
6.26,,,,
5.78,,,,
9.03,,,,
6.1,,,,
5.54,,,,
5.58,,,,
7.61,,,,
6.01,,,,
5.61,,,,
5.38,,,,
6.29,,,,
4.86,,,,
6.08,,,,
8.9,,,,
4.88,,,,
7.34,,,,
5.5,,,,
5.77,,,,
5.88,,,,
5.66,,,,
5.62,,,,
6.25,,,,
6.18,,,,
4.97,,,,
6.82,,,,
6.57,,,,
7.32,,,,
5.63,,,,
5.88,,,,
5.35,,,,
5.87,,,,
7.81,,,,
5.47,,,,
6.99,,,,
5.04,,,,
5.33,,,,
4.65,,,,
5.16,,,,
5.66,,,,
4.97,,,,
5.18,,,,
5.42,,,,
5.5,,,,
5.95,,,,
6.16,,,,
5.63,,,,
6.03,,,,
6.55,,,,
5.44,,,,
4.98,,,,
5.26,,,,
5.87,,,,
7.05,,,,
5.13,,,,
5.68,,,,
5.23,,,,
5.7,,,,
7.08,,,,
8.48,,,,
5.45,,,,
5.28,,,,
5.52,,,,
4.36,,,,
4.71,,,,
6.09,,,,
7.46,,,,
5.18,,,,
5.56,,,,
7.98,,,,
6.47,,,,
5.78,,,,
5.22,,,,
5.92,,,,
9.98,,,,
6.56,,,,
5.73,,,,
5.78,,,,
5.54,,,,
5.25,,,,
5.39,,,,
5.4,,,,
4.33,,,,
5.75,,,,
5.58,,,,
5.52,,,,
4.97,,,,
5.36,,,,
9.39,,,,
5.4,,,,
5.7,,,,
6.14,,,,
4.96,,,,
11.91,,,,
5.74,,,,
5.67,,,,
6.67,,,,
4.52,,,,
5.84,,,,
7.69,,,,
7.44,,,,
4.88,,,,
4.47,,,,
6.36,,,,
5.63,,,,
4.48,,,,
5.67,,,,
6.13,,,,
5.07,,,,
7.25,,,,
5.23,,,,
5.3,,,,
5.04,,,,
5.31,,,,
5.03,,,,
10.34,,,,
6.8,,,,
5.35,,,,
5.8,,,,
7.53,,,,
5.42,,,,
6.14,,,,
5.04,,,,
6.19,,,,
5.56,,,,
7.98,,,,
6.2,,,,
6.47,,,,
6.18,,,,
5.63,,,,
5.49,,,,
6.06,,,,
5.54,,,,
5.96,,,,
5.51,,,,
11.82,,,,
6.03,,,,
5.42,,,,
4.85,,,,
6.38,,,,
4.92,,,,
4.74,,,,
5.05,,,,
5.5,,,,
4.93,,,,
6.76,,,,
5.13,,,,
5.97,,,,
4.86,,,,
5.47,,,,
5.2,,,,
4.98,,,,
5.64,,,,
5.91,,,,
7.35,,,,
4.97,,,,
5.39,,,,
8.28,,,,
6.11,,,,
5.24,,,,
6.21,,,,
5.51,,,,
5.47,,,,
5.61,,,,
5.96,,,,
4.82,,,,
6.69,,,,
6.1,,,,
5.48,,,,
5.38,,,,
6.2,,,,
5.53,,,,
5.63,,,,
5.11,,,,
6.07,,,,
5.73,,,,
4.55,,,,
5.71,,,,
4.85,,,,
5.54,,,,
6.1,,,,
5.79,,,,
6.09,,,,
5.63,,,,
5.23,,,,
5.86,,,,
5.53,,,,
5.83,,,,
7.29,,,,
4.39,,,,
4.95,,,,
5.21,,,,
7.33,,,,
4.93,,,,
5.22,,,,
5.54,,,,
5.43,,,,
5.24,,,,
5.54,,,,
5.48,,,,
4.74,,,,
5.14,,,,
4.9,,,,
5.92,,,,
4.99,,,,
5.41,,,,
4.87,,,,
6.16,,,,
5.31,,,,
5.07,,,,
6.09,,,,
6.05,,,,
5.33,,,,
5.96,,,,
5.51,,,,
13.02,,,,
6.9,,,,
6.62,,,,
10.16,,,,
5.77,,,,
5.45,,,,
5.19,,,,
5.55,,,,
5.23,,,,
5.86,,,,
5.1,,,,
5.16,,,,
4.54,,,,
5.09,,,,
5.98,,,,
4.73,,,,
8.56,,,,
5.33,,,,
5.28,,,,
4.76,,,,
4.91,,,,
6.3,,,,
5.57,,,,
5,,,,
5.1,,,,
5.11,,,,
6.24,,,,
4.79,,,,
5.05,,,,
4.49,,,,
5.43,,,,
5.71,,,,
5.37,,,,
5.4,,,,
4.84,,,,
5.79,,,,
5.13,,,,
6.16,,,,
5.02,,,,
10.7,,,,
5.69,,,,
5.55,,,,
5.59,,,,
4.87,,,,
5.11,,,,
4.94,,,,
5.11,,,,
5.39,,,,
5.6,,,,
5.26,,,,
5.78,,,,
5.2,,,,
5.68,,,,
5.51,,,,
5.59,,,,
4.93,,,,
4.82,,,,
5.27,,,,
5.17,,,,
5.47,,,,
5.25,,,,
5.32,,,,
6.43,,,,
6.64,,,,
5.05,,,,
4.77,,,,
4.69,,,,
5.77,,,,
5.37,,,,
5.19,,,,
4.8,,,,
5.15,,,,
5.51,,,,
5.1,,,,
5.7,,,,
5.07,,,,
5.66,,,,
6.26,,,,
5.04,,,,
5.8,,,,
4.92,,,,
4.95,,,,
5.5,,,,
5.32,,,,
5.78,,,,
5.29,,,,
5.32,,,,
5.75,,,,
6,,,,
5.44,,,,
5.07,,,,
5.47,,,,
4.57,,,,
4.83,,,,
4.35,,,,
4.71,,,,
5.35,,,,
5.12,,,,
5.6,,,,
5.59,,,,
4.99,,,,
4.34,,,,
5.57,,,,
5.72,,,,
5.5,,,,
4.47,,,,
4.6,,,,
4.97,,,,
5.67,,,,
5.2,,,,
5.39,,,,
5.42,,,,
4.95,,,,
6.05,,,,
6.16,,,,
5.3,,,,
4.43,,,,
4.14,,,,
5.85,,,,
5.88,,,,
4.83,,,,
5.93,,,,
5.12,,,,
4.66,,,,
4.59,,,,
4.62,,,,
6.83,,,,
5.04,,,,
4.13,,,,
5.4,,,,
5.22,,,,
5.59,,,,
5.01,,,,
5.67,,,,
5.43,,,,
5.58,,,,
5.16,,,,
5.52,,,,
4.82,,,,
5.1,,,,
5.2,,,,
5.38,,,,
4.79,,,,
4.77,,,,
5.72,,,,
4.94,,,,
4.62,,,,
5.46,,,,
6.87,,,,
6.05,,,,
3.98,,,,
5.44,,,,
4.4,,,,
6.36,,,,
12.75,,,,
6.06,,,,
5.88,,,,
5.09,,,,
7.2,,,,
4.18,,,,
5.1,,,,
5.24,,,,
4.92,,,,
4.48,,,,
13.02,,,,
5.16,,,,
5.63,,,,
5.08,,,,
7.21,,,,
5.17,,,,
7.18,,,,
4.73,,,,
4.63,,,,
5.3,,,,
4.59,,,,
6.1,,,,
8.49,,,,
4.79,,,,
5.16,,,,
5.9,,,,
5.1,,,,
5.02,,,,
5.32,,,,
5.36,,,,
5.52,,,,
5.19,,,,
4.98,,,,
4.58,,,,
4.82,,,,
6.1,,,,
4.91,,,,
5.59,,,,
5.31,,,,
4.23,,,,
5.25,,,,
6.15,,,,
5.46,,,,
5.31,,,,
5.4,,,,
5.17,,,,
5.55,,,,
5.11,,,,
4.92,,,,
5.26,,,,
4.19,,,,
5.47,,,,
4.54,,,,
5,,,,
5.44,,,,
5.19,,,,
5.97,,,,
8.08,,,,
4.75,,,,
4.32,,,,
5.33,,,,
5.88,,,,
5.13,,,,
4.99,,,,
11.4,,,,
5.12,,,,
4.65,,,,
4.81,,,,
4.91,,,,
5.31,,,,
4.38,,,,
4.22,,,,
5.68,,,,
5.03,,,,
4.61,,,,
5.19,,,,
4.61,,,,
4.47,,,,
9.11,,,,
4.53,,,,
13.21,,,,
5.14,,,,
5.17,,,,
4.34,,,,
7.46,,,,
4.76,,,,
5.38,,,,
4.69,,,,
12.67,,,,
5.15,,,,
4.34,,,,
4.8,,,,
5.2,,,,
6.05,,,,
5.01,,,,
4.87,,,,
5.51,,,,
5.45,,,,
5.2,,,,
4.97,,,,
4.67,,,,
5.81,,,,
7.83,,,,
5.11,,,,
4.4,,,,
12.43,,,,
5.26,,,,
5.13,,,,
4.71,,,,
11.98,,,,
7.05,,,,
5.46,,,,
4.7,,,,
5.22,,,,
5.58,,,,
5.49,,,,
5.01,,,,
5.31,,,,
5.3,,,,
4.88,,,,
5.09,,,,
6.28,,,,
4.31,,,,
5.68,,,,
4.82,,,,
5.08,,,,
9.87,,,,
5.05,,,,
5.79,,,,
5.1,,,,
9.53,,,,
5.51,,,,
5.23,,,,
6.78,,,,
4.73,,,,
5.38,,,,
7.65,,,,
5.24,,,,
5.37,,,,
4.54,,,,
5.29,,,,
5.61,,,,
4.82,,,,
4.38,,,,
5.76,,,,
5.48,,,,
6.27,,,,
8.08,,,,
5.28,,,,
6,,,,
5.27,,,,
4.84,,,,
4.22,,,,
4.5,,,,
18.95,,,,
3.98,,,,
9.14,,,,
4.99,,,,
5.01,,,,
5.06,,,,
4.72,,,,
4.51,,,,
4.63,,,,
5.23,,,,
6.15,,,,
5.14,,,,
5.65,,,,
4.63,,,,
8.15,,,,
7.54,,,,
16,,,,
5.62,,,,
5.32,,,,
4.9,,,,
5.37,,,,
5.38,,,,
4.97,,,,
5.49,,,,
5.05,,,,
5.81,,,,
4.76,,,,
3.66,,,,
5.39,,,,
4.64,,,,
6.65,,,,
5.54,,,,
10.55,,,,
4.97,,,,
4.99,,,,
5.36,,,,
5.37,,,,
5.31,,,,
4.82,,,,
5.12,,,,
5.15,,,,
5.46,,,,
3.07,,,,
6.18,,,,
5.61,,,,
5.46,,,,
5.53,,,,
5.02,,,,
5.51,,,,
6.23,,,,
4.86,,,,
7.03,,,,
6.08,,,,
6.61,,,,
4.48,,,,
4.61,,,,
5.71,,,,
5.66,,,,
6.82,,,,
5.61,,,,
5.45,,,,
5.68,,,,
9.63,,,,
5.44,,,,
6.24,,,,
5.31,,,,
6.22,,,,
5.31,,,,
5.13,,,,
4.8,,,,
5.14,,,,
11.01,,,,
5.33,,,,
5.1,,,,
5.55,,,,
5.83,,,,
4.95,,,,
5.65,,,,
5.26,,,,
4.75,,,,
5.04,,,,
5.13,,,,
4.98,,,,
4.98,,,,
5.15,,,,
5.85,,,,
6.17,,,,
6.13,,,,
4.95,,,,
5.26,,,,
5.5,,,,
5.91,,,,
4.76,,,,
5.45,,,,
4.87,,,,
5.75,,,,
5.19,,,,
5.73,,,,
5.34,,,,
5.63,,,,
5.27,,,,
5.26,,,,
5.47,,,,
5.21,,,,
5.77,,,,
5.24,,,,
6.02,,,,
9.48,,,,
5.72,,,,
5.89,,,,
5.32,,,,
5.56,,,,
5.18,,,,
6.24,,,,
6.1,,,,
6.13,,,,
5.68,,,,
5.34,,,,
5.04,,,,
5.36,,,,
4.85,,,,
4.96,,,,
5.2,,,,
5.16,,,,
5.95,,,,
6.83,,,,
5.29,,,,
5.71,,,,
5.28,,,,
7.36,,,,
5.72,,,,
5.98,,,,
5.54,,,,
5.33,,,,
6.85,,,,
9.09,,,,
8.91,,,,
6.23,,,,
6.25,,,,
12.14,,,,
5.12,,,,
6.3,,,,
7.02,,,,
5.88,,,,
8.54,,,,
5.38,,,,
5.96,,,,
5.77,,,,
5.26,,,,
5.79,,,,
5.19,,,,
4.91,,,,
5.63,,,,
5.55,,,,
4.8,,,,
5.65,,,,
5.44,,,,
4.92,,,,
5.02,,,,
6.84,,,,
5.43,,,,
5.74,,,,
4.84,,,,
4.22,,,,
4.86,,,,
4.64,,,,
5.37,,,,
5.24,,,,
4.96,,,,
5.49,,,,
5.66,,,,
5.02,,,,
4.6,,,,
4.95,,,,
5.3,,,,
5.5,,,,
5.1,,,,
4.91,,,,
5.44,,,,
4.51,,,,
6.06,,,,
5.41,,,,
4.98,,,,
5.23,,,,
5.19,,,,
4.7,,,,
5.04,,,,
5.59,,,,
4.68,,,,
5.5,,,,
5.67,,,,
5.47,,,,
5.1,,,,
6.68,,,,
5.41,,,,
5.82,,,,
5.1,,,,
5.17,,,,
4.71,,,,
4.68,,,,
5.39,,,,
4.42,,,,
5.3,,,,
5.39,,,,
4.49,,,,
5.28,,,,
5.58,,,,
4.77,,,,
4.44,,,,
4.54,,,,
5.63,,,,
5.36,,,,
5.54,,,,
5.2,,,,
5.77,,,,
5.36,,,,
5.23,,,,
5.23,,,,
5.04,,,,
5.38,,,,
4.97,,,,
5.3,,,,
6.28,,,,
5.48,,,,
5.65,,,,
5.01,,,,
5.73,,,,
5.3,,,,
5.41,,,,
10.04,,,,
5.4,,,,
5.34,,,,
4.55,,,,
5.84,,,,
5.66,,,,
6.15,,,,
6.92,,,,
5.53,,,,
5.85,,,,
5.44,,,,
5.72,,,,
5.62,,,,
9.6,,,,
6.11,,,,
7.98,,,,
5.78,,,,
6.12,,,,
5.36,,,,
5.53,,,,
6.22,,,,
5.39,,,,
5.34,,,,
5.94,,,,
5.23,,,,
5.85,,,,
5.15,,,,
6.75,,,,
5.11,,,,
5.42,,,,
4.81,,,,
5.35,,,,
6.6,,,,
5.57,,,,
5.92,,,,
5.71,,,,
6.14,,,,
6.09,,,,
4.84,,,,
4.45,,,,
6.23,,,,
5.85,,,,
5.94,,,,
6.02,,,,
5.46,,,,
6.68,,,,
5.75,,,,
5.84,,,,
5.96,,,,
4.91,,,,
7.86,,,,
14.28,,,,
5.53,,,,
4.49,,,,
5.59,,,,
5.32,,,,
5.56,,,,
5.81,,,,
7.17,,,,
6.22,,,,
5.56,,,,
5.76,,,,
6.17,,,,
4.39,,,,
4.56,,,,
6.48,,,,
5.79,,,,
4.78,,,,
6.08,,,,
5.08,,,,
5.18,,,,
6.62,,,,
5.38,,,,
5.44,,,,
6.81,,,,
4.33,,,,
4.65,,,,
5.57,,,,
5.37,,,,
4.71,,,,
5.8,,,,
5.45,,,,
5.22,,,,
4.89,,,,
6.34,,,,
4.85,,,,
4.85,,,,
5.56,,,,
4.95,,,,
4.67,,,,
5.51,,,,
5.34,,,,
5.23,,,,
4.91,,,,
4.77,,,,
4.68,,,,
5.04,,,,
5.77,,,,
4.96,,,,
6.86,,,,
4.8,,,,
4.99,,,,
4.83,,,,
4.81,,,,
5.12,,,,
5.41,,,,
7.51,,,,
6.43,,,,
5.01,,,,
6.55,,,,
4.81,,,,
5.29,,,,
4.71,,,,
4.74,,,,
4.76,,,,
4.48,,,,
4.75,,,,
4.69,,,,
5.21,,,,
5.28,,,,
4.78,,,,
4.75,,,,
5.19,,,,
4.38,,,,
5.09,,,,
6.65,,,,
6.25,,,,
4.44,,,,
5.66,,,,
5.05,,,,
5.03,,,,
5.82,,,,
4.91,,,,
5.52,,,,
5,,,,
7.23,,,,
6.08,,,,
6.23,,,,
5.77,,,,
5.56,,,,
6.8,,,,
4.77,,,,
5.08,,,,
22.59,,,,
4.69,,,,
5.37,,,,
5.08,,,,
5.84,,,,
5.05,,,,
5.6,,,,
5.74,,,,
5.17,,,,
5.59,,,,
5.33,,,,
5.2,,,,
6.41,,,,
7.11,,,,
6.56,,,,
5.33,,,,
5.7,,,,
11.04,,,,
4.56,,,,
5.32,,,,
5.63,,,,
4.84,,,,
5.44,,,,
4.79,,,,
4.82,,,,
5.25,,,,
4.71,,,,
6.64,,,,
5.56,,,,
5.07,,,,
5.6,,,,
5.32,,,,
5.4,,,,
5.39,,,,
17.43,,,,
5.52,,,,
5.29,,,,
5.43,,,,
5.58,,,,
5.18,,,,
5.25,,,,
5.15,,,,
6.01,,,,
5.11,,,,
5.45,,,,
5.13,,,,
5.24,,,,
6.37,,,,
6,,,,
5.5,,,,
5.31,,,,
5.05,,,,
7.23,,,,
5.93,,,,
5.53,,,,
4.57,,,,
5.99,,,,
5.5,,,,
6.25,,,,
5,,,,
5.47,,,,
5.12,,,,
5.35,,,,
7.32,,,,
5.61,,,,
5.04,,,,
6.4,,,,
5.6,,,,
5.61,,,,
5.58,,,,
6.11,,,,
5.8,,,,
6.33,,,,
5.48,,,,
4.67,,,,
5.57,,,,
5.77,,,,
5.86,,,,
5.52,,,,
5.06,,,,
4.86,,,,
5.33,,,,
5.81,,,,
5.14,,,,
5.91,,,,
5.65,,,,
5.1,,,,
4.71,,,,
5.58,,,,
4.52,,,,
7.07,,,,
5.43,,,,
5.68,,,,
5.59,,,,
5.69,,,,
14.04,,,,
5.3,,,,
5.03,,,,
6.33,,,,
5.16,,,,
6.6,,,,
4.81,,,,
5.55,,,,
4.81,,,,
4.39,,,,
4.61,,,,
5.13,,,,
5.35,,,,
4.81,,,,
5.36,,,,
5.03,,,,
6.34,,,,
5.4,,,,
4.72,,,,
5.4,,,,
5.31,,,,
5.13,,,,
5.52,,,,
4.91,,,,
9.76,,,,
5.69,,,,
4.4,,,,
4.51,,,,
5.2,,,,
4.56,,,,
5.21,,,,
5.57,,,,
6.88,,,,
5.67,,,,
5.68,,,,
5.02,,,,
6.21,,,,
4.98,,,,
5.57,,,,
5.16,,,,
5.23,,,,
5.43,,,,
5.71,,,,
5.77,,,,
4.95,,,,
6.25,,,,
6.72,,,,
8.41,,,,
5.47,,,,
5.3,,,,
5.98,,,,
6.02,,,,
6.46,,,,
6.63,,,,
5.55,,,,
5.9,,,,
10.16,,,,
8.61,,,,
9.1,,,,
4.92,,,,
5.55,,,,
4.64,,,,
4.8,,,,
6.24,,,,
5.96,,,,
5.13,,,,
5.98,,,,
6.14,,,,
5.21,,,,
6.02,,,,
5.39,,,,
5.08,,,,
5.84,,,,
4.66,,,,
6.01,,,,
4.87,,,,
5.29,,,,
5.55,,,,
5.13,,,,
6.38,,,,
5.13,,,,
4.33,,,,
5.4,,,,
4.64,,,,
5.26,,,,
5.25,,,,
5.11,,,,
5.82,,,,
5.17,,,,
5.42,,,,
4.87,,,,
6.12,,,,
6.11,,,,
6.95,,,,
5.34,,,,
5.35,,,,
6.25,,,,
6.63,,,,
5.3,,,,
4.64,,,,
5.92,,,,
4.76,,,,
5.79,,,,
4.37,,,,
7.16,,,,
5.01,,,,
5.3,,,,
5.26,,,,
5.46,,,,
4.85,,,,
4.99,,,,
7.27,,,,
5.7,,,,
4.74,,,,
5.03,,,,
6.34,,,,
5.72,,,,
5.5,,,,
5.6,,,,
6.11,,,,
4.92,,,,
5.24,,,,
4.76,,,,
5.41,,,,
6.16,,,,
5.3,,,,
5.39,,,,
6.09,,,,
5.56,,,,
5.63,,,,
4.89,,,,
5.49,,,,
4.67,,,,
5,,,,
5.98,,,,
5.49,,,,
5.01,,,,
5.22,,,,
5.51,,,,
5.29,,,,
5.12,,,,
6.27,,,,
5.36,,,,
4.97,,,,
4.63,,,,
5.22,,,,
7.78,,,,
5.28,,,,
5.16,,,,
5.37,,,,
5.27,,,,
6.41,,,,
5.63,,,,
10.02,,,,
5.15,,,,
5.69,,,,
5.17,,,,
7.28,,,,
5.08,,,,
5.51,,,,
5.89,,,,
6.21,,,,
6.44,,,,
5.13,,,,
5.22,,,,
4.87,,,,
4.79,,,,
5,,,,
5.98,,,,
5.33,,,,
6.17,,,,
5.75,,,,
8.21,,,,
5.39,,,,
7.3,,,,
4.72,,,,
4.46,,,,
4.42,,,,
5.56,,,,
5.73,,,,
4.78,,,,
6,,,,
5.67,,,,
4.74,,,,
5.54,,,,
4.66,,,,
4.87,,,,
5.82,,,,
5.02,,,,
6.81,,,,
4.97,,,,
5.87,,,,
5.36,,,,
5.25,,,,
6.17,,,,
7.75,,,,
5.35,,,,
5.6,,,,
6.22,,,,
10.63,,,,
6.2,,,,
5.68,,,,
5.25,,,,
6.93,,,,
6.35,,,,
4.91,,,,
6.71,,,,
5.93,,,,
7.28,,,,
5.15,,,,
5.13,,,,
5.82,,,,
9.54,,,,
4.78,,,,
5.75,,,,
5.42,,,,
6.29,,,,